name,storage,lock_status,condition,price,amz
GALAXY S20 FE,128GB,att,flawless,$51.00,$125.00
GALAXY S20 FE,128GB,att,good,$46.00,$125.00
GALAXY S20 FE,128GB,att,fair,$23.00,$125.00
GALAXY S20 FE,128GB,att,damaged,$11.00,$125.00
GALAXY S20 FE,128GB,verizon,flawless,$56.00,$125.00
GALAXY S20 FE,128GB,verizon,good,$46.00,$125.00
GALAXY S20 FE,128GB,verizon,fair,$31.00,$125.00
GALAXY S20 FE,128GB,verizon,damaged,$11.00,$125.00
GALAXY S20 FE,128GB,tmobile,flawless,$41.00,$125.00
GALAXY S20 FE,128GB,tmobile,good,$31.00,$125.00
GALAXY S20 FE,128GB,tmobile,fair,$17.00,$125.00
GALAXY S20 FE,128GB,tmobile,damaged,$6.00,$125.00
GALAXY S20 FE,128GB,unlocked,flawless,$66.00,$145.00
GALAXY S20 FE,128GB,unlocked,good,$56.00,$145.00
GALAXY S20 FE,128GB,unlocked,fair,$31.00,$145.00
GALAXY S20 FE,128GB,unlocked,damaged,$11.00,$145.00
GALAXY S20 FE,256GB,att,flawless,$51.00,$394.00
GALAXY S20 FE,256GB,att,good,$46.00,$394.00
GALAXY S20 FE,256GB,att,fair,$23.00,$394.00
GALAXY S20 FE,256GB,att,damaged,$11.00,$394.00
GALAXY S20 FE,256GB,verizon,flawless,$56.00,$394.00
GALAXY S20 FE,256GB,verizon,good,$46.00,$394.00
GALAXY S20 FE,256GB,verizon,fair,$31.00,$394.00
GALAXY S20 FE,256GB,verizon,damaged,$11.00,$394.00
GALAXY S20 FE,256GB,tmobile,flawless,$41.00,$394.00
GALAXY S20 FE,256GB,tmobile,good,$31.00,$394.00
GALAXY S20 FE,256GB,tmobile,fair,$17.00,$394.00
GALAXY S20 FE,256GB,tmobile,damaged,$6.00,$394.00
GALAXY S20 FE,256GB,unlocked,flawless,$66.00,$414.00
GALAXY S20 FE,256GB,unlocked,good,$56.00,$414.00
GALAXY S20 FE,256GB,unlocked,fair,$31.00,$414.00
GALAXY S20 FE,256GB,unlocked,damaged,$11.00,$414.00
GALAXY S21,128GB,att,flawless,$72.00,$144.00
GALAXY S21,128GB,att,good,$61.00,$144.00
GALAXY S21,128GB,att,fair,$42.00,$144.00
GALAXY S21,128GB,att,damaged,$12.00,$144.00
GALAXY S21,128GB,verizon,flawless,$72.00,$144.00
GALAXY S21,128GB,verizon,good,$61.00,$144.00
GALAXY S21,128GB,verizon,fair,$32.00,$144.00
GALAXY S21,128GB,verizon,damaged,$21.00,$144.00
GALAXY S21,128GB,tmobile,flawless,$55.00,$144.00
GALAXY S21,128GB,tmobile,good,$41.00,$144.00
GALAXY S21,128GB,tmobile,fair,$22.00,$144.00
GALAXY S21,128GB,tmobile,damaged,$12.00,$144.00
GALAXY S21,128GB,unlocked,flawless,$84.34,$164.00
GALAXY S21,128GB,unlocked,good,$71.00,$164.00
GALAXY S21,128GB,unlocked,fair,$52.00,$164.00
GALAXY S21,128GB,unlocked,damaged,$18.00,$164.00
GALAXY S21,256GB,att,flawless,$72.00,$204.99
GALAXY S21,256GB,att,good,$61.00,$204.99
GALAXY S21,256GB,att,fair,$42.00,$204.99
GALAXY S21,256GB,att,damaged,$12.00,$204.99
GALAXY S21,256GB,verizon,flawless,$72.00,$204.99
GALAXY S21,256GB,verizon,good,$61.00,$204.99
GALAXY S21,256GB,verizon,fair,$32.00,$204.99
GALAXY S21,256GB,verizon,damaged,$21.00,$204.99
GALAXY S21,256GB,tmobile,flawless,$55.00,$204.99
GALAXY S21,256GB,tmobile,good,$41.00,$204.99
GALAXY S21,256GB,tmobile,fair,$22.00,$204.99
GALAXY S21,256GB,tmobile,damaged,$12.00,$204.99
GALAXY S21,256GB,unlocked,flawless,$84.34,$224.99
GALAXY S21,256GB,unlocked,good,$71.00,$224.99
GALAXY S21,256GB,unlocked,fair,$52.00,$224.99
GALAXY S21,256GB,unlocked,damaged,$18.00,$224.99
GALAXY S21 FE,128GB,att,flawless,$51.00,$134.99
GALAXY S21 FE,128GB,att,good,$43.00,$134.99
GALAXY S21 FE,128GB,att,fair,$21.00,$134.99
GALAXY S21 FE,128GB,att,damaged,$12.00,$134.99
GALAXY S21 FE,128GB,verizon,flawless,$51.00,$134.99
GALAXY S21 FE,128GB,verizon,good,$43.00,$134.99
GALAXY S21 FE,128GB,verizon,fair,$19.00,$134.99
GALAXY S21 FE,128GB,verizon,damaged,$12.00,$134.99
GALAXY S21 FE,128GB,tmobile,flawless,$36.00,$134.99
GALAXY S21 FE,128GB,tmobile,good,$29.00,$134.99
GALAXY S21 FE,128GB,tmobile,fair,$21.00,$134.99
GALAXY S21 FE,128GB,tmobile,damaged,$7.00,$134.99
GALAXY S21 FE,128GB,unlocked,flawless,$71.00,$154.99
GALAXY S21 FE,128GB,unlocked,good,$66.00,$154.99
GALAXY S21 FE,128GB,unlocked,fair,$41.00,$154.99
GALAXY S21 FE,128GB,unlocked,damaged,$12.00,$154.99
GALAXY S21 FE,256GB,att,flawless,$51.00,$179.99
GALAXY S21 FE,256GB,att,good,$43.00,$179.99
GALAXY S21 FE,256GB,att,fair,$21.00,$179.99
GALAXY S21 FE,256GB,att,damaged,$12.00,$179.99
GALAXY S21 FE,256GB,verizon,flawless,$51.00,$179.99
GALAXY S21 FE,256GB,verizon,good,$43.00,$179.99
GALAXY S21 FE,256GB,verizon,fair,$19.00,$179.99
GALAXY S21 FE,256GB,verizon,damaged,$12.00,$179.99
GALAXY S21 FE,256GB,tmobile,flawless,$36.00,$179.99
GALAXY S21 FE,256GB,tmobile,good,$29.00,$179.99
GALAXY S21 FE,256GB,tmobile,fair,$21.00,$179.99
GALAXY S21 FE,256GB,tmobile,damaged,$7.00,$179.99
GALAXY S21 FE,256GB,unlocked,flawless,$71.00,$199.99
GALAXY S21 FE,256GB,unlocked,good,$66.00,$199.99
GALAXY S21 FE,256GB,unlocked,fair,$41.00,$199.99
GALAXY S21 FE,256GB,unlocked,damaged,$12.00,$199.99
GALAXY S21 ULTRA,128GB,att,flawless,$142.00,$225.99
GALAXY S21 ULTRA,128GB,att,good,$126.00,$225.99
GALAXY S21 ULTRA,128GB,att,fair,$77.00,$225.99
GALAXY S21 ULTRA,128GB,att,damaged,$21.00,$225.99
GALAXY S21 ULTRA,128GB,verizon,flawless,$132.00,$225.99
GALAXY S21 ULTRA,128GB,verizon,good,$116.00,$225.99
GALAXY S21 ULTRA,128GB,verizon,fair,$72.00,$225.99
GALAXY S21 ULTRA,128GB,verizon,damaged,$26.00,$225.99
GALAXY S21 ULTRA,128GB,tmobile,flawless,$112.00,$225.99
GALAXY S21 ULTRA,128GB,tmobile,good,$91.00,$225.99
GALAXY S21 ULTRA,128GB,tmobile,fair,$51.00,$225.99
GALAXY S21 ULTRA,128GB,tmobile,damaged,$21.00,$225.99
GALAXY S21 ULTRA,128GB,unlocked,flawless,$146.90,$245.99
GALAXY S21 ULTRA,128GB,unlocked,good,$136.00,$245.99
GALAXY S21 ULTRA,128GB,unlocked,fair,$87.00,$245.99
GALAXY S21 ULTRA,128GB,unlocked,damaged,$31.00,$245.99
GALAXY S21 ULTRA,256GB,att,flawless,$142.00,$280.85
GALAXY S21 ULTRA,256GB,att,good,$126.00,$280.85
GALAXY S21 ULTRA,256GB,att,fair,$77.00,$280.85
GALAXY S21 ULTRA,256GB,att,damaged,$21.00,$280.85
GALAXY S21 ULTRA,256GB,verizon,flawless,$132.00,$280.85
GALAXY S21 ULTRA,256GB,verizon,good,$116.00,$280.85
GALAXY S21 ULTRA,256GB,verizon,fair,$72.00,$280.85
GALAXY S21 ULTRA,256GB,verizon,damaged,$26.00,$280.85
GALAXY S21 ULTRA,256GB,tmobile,flawless,$112.00,$280.85
GALAXY S21 ULTRA,256GB,tmobile,good,$91.00,$280.85
GALAXY S21 ULTRA,256GB,tmobile,fair,$51.00,$280.85
GALAXY S21 ULTRA,256GB,tmobile,damaged,$21.00,$280.85
GALAXY S21 ULTRA,256GB,unlocked,flawless,$146.90,$300.85
GALAXY S21 ULTRA,256GB,unlocked,good,$136.00,$300.85
GALAXY S21 ULTRA,256GB,unlocked,fair,$87.00,$300.85
GALAXY S21 ULTRA,256GB,unlocked,damaged,$31.00,$300.85
GALAXY S21 ULTRA,512GB,att,flawless,$142.00,$329.99
GALAXY S21 ULTRA,512GB,att,good,$126.00,$329.99
GALAXY S21 ULTRA,512GB,att,fair,$77.00,$329.99
GALAXY S21 ULTRA,512GB,att,damaged,$21.00,$329.99
GALAXY S21 ULTRA,512GB,verizon,flawless,$132.00,$329.99
GALAXY S21 ULTRA,512GB,verizon,good,$116.00,$329.99
GALAXY S21 ULTRA,512GB,verizon,fair,$72.00,$329.99
GALAXY S21 ULTRA,512GB,verizon,damaged,$26.00,$329.99
GALAXY S21 ULTRA,512GB,tmobile,flawless,$112.00,$329.99
GALAXY S21 ULTRA,512GB,tmobile,good,$91.00,$329.99
GALAXY S21 ULTRA,512GB,tmobile,fair,$51.00,$329.99
GALAXY S21 ULTRA,512GB,tmobile,damaged,$21.00,$329.99
GALAXY S21 ULTRA,512GB,unlocked,flawless,$146.90,$349.99
GALAXY S21 ULTRA,512GB,unlocked,good,$136.00,$349.99
GALAXY S21 ULTRA,512GB,unlocked,fair,$87.00,$349.99
GALAXY S21 ULTRA,512GB,unlocked,damaged,$31.00,$349.99
GALAXY S21+,128GB,att,flawless,$99.06,$339.88
GALAXY S21+,128GB,att,good,$96.00,$339.88
GALAXY S21+,128GB,att,fair,$57.00,$339.88
GALAXY S21+,128GB,att,damaged,$26.00,$339.88
GALAXY S21+,128GB,verizon,flawless,$86.00,$339.88
GALAXY S21+,128GB,verizon,good,$71.00,$339.88
GALAXY S21+,128GB,verizon,fair,$33.00,$339.88
GALAXY S21+,128GB,verizon,damaged,$17.00,$339.88
GALAXY S21+,128GB,tmobile,flawless,$84.00,$339.88
GALAXY S21+,128GB,tmobile,good,$66.00,$339.88
GALAXY S21+,128GB,tmobile,fair,$37.00,$339.88
GALAXY S21+,128GB,tmobile,damaged,$18.00,$339.88
GALAXY S21+,128GB,unlocked,flawless,$99.06,$359.88
GALAXY S21+,128GB,unlocked,good,$98.00,$359.88
GALAXY S21+,128GB,unlocked,fair,$71.00,$359.88
GALAXY S21+,128GB,unlocked,damaged,$31.00,$359.88
GALAXY S21+,256GB,att,flawless,$99.06,$209.00
GALAXY S21+,256GB,att,good,$96.00,$209.00
GALAXY S21+,256GB,att,fair,$57.00,$209.00
GALAXY S21+,256GB,att,damaged,$26.00,$209.00
GALAXY S21+,256GB,verizon,flawless,$86.00,$209.00
GALAXY S21+,256GB,verizon,good,$71.00,$209.00
GALAXY S21+,256GB,verizon,fair,$33.00,$209.00
GALAXY S21+,256GB,verizon,damaged,$17.00,$209.00
GALAXY S21+,256GB,tmobile,flawless,$84.00,$209.00
GALAXY S21+,256GB,tmobile,good,$66.00,$209.00
GALAXY S21+,256GB,tmobile,fair,$37.00,$209.00
GALAXY S21+,256GB,tmobile,damaged,$18.00,$209.00
GALAXY S21+,256GB,unlocked,flawless,$99.06,$229.00
GALAXY S21+,256GB,unlocked,good,$98.00,$229.00
GALAXY S21+,256GB,unlocked,fair,$71.00,$229.00
GALAXY S21+,256GB,unlocked,damaged,$31.00,$229.00
GALAXY S22,128GB,att,flawless,$95.38,$146.80
GALAXY S22,128GB,att,good,$81.00,$146.80
GALAXY S22,128GB,att,fair,$49.00,$146.80
GALAXY S22,128GB,att,damaged,$26.00,$146.80
GALAXY S22,128GB,verizon,flawless,$95.38,$146.80
GALAXY S22,128GB,verizon,good,$76.00,$146.80
GALAXY S22,128GB,verizon,fair,$49.00,$146.80
GALAXY S22,128GB,verizon,damaged,$15.00,$146.80
GALAXY S22,128GB,tmobile,flawless,$83.00,$146.80
GALAXY S22,128GB,tmobile,good,$66.00,$146.80
GALAXY S22,128GB,tmobile,fair,$42.00,$146.80
GALAXY S22,128GB,tmobile,damaged,$16.00,$146.80
GALAXY S22,128GB,unlocked,flawless,$95.38,$166.80
GALAXY S22,128GB,unlocked,good,$95.38,$166.80
GALAXY S22,128GB,unlocked,fair,$67.00,$166.80
GALAXY S22,128GB,unlocked,damaged,$31.00,$166.80
GALAXY S22,256gb,att,flawless,$109.00,$200.00
GALAXY S22,256gb,att,good,$86.00,$200.00
GALAXY S22,256gb,att,fair,$57.00,$200.00
GALAXY S22,256gb,att,damaged,$31.00,$200.00
GALAXY S22,256gb,verizon,flawless,$109.00,$200.00
GALAXY S22,256gb,verizon,good,$82.00,$200.00
GALAXY S22,256gb,verizon,fair,$56.00,$200.00
GALAXY S22,256gb,verizon,damaged,$16.00,$200.00
GALAXY S22,256gb,tmobile,flawless,$89.00,$200.00
GALAXY S22,256gb,tmobile,good,$72.00,$200.00
GALAXY S22,256gb,tmobile,fair,$45.00,$200.00
GALAXY S22,256gb,tmobile,damaged,$21.00,$200.00
GALAXY S22,256gb,unlocked,flawless,$113.78,$220.00
GALAXY S22,256gb,unlocked,good,$111.00,$220.00
GALAXY S22,256gb,unlocked,fair,$77.00,$220.00
GALAXY S22,256gb,unlocked,damaged,$36.00,$220.00
GALAXY S22 ULTRA,128GB,att,flawless,$159.00,$274.35
GALAXY S22 ULTRA,128GB,att,good,$139.00,$274.35
GALAXY S22 ULTRA,128GB,att,fair,$97.00,$274.35
GALAXY S22 ULTRA,128GB,att,damaged,$37.00,$274.35
GALAXY S22 ULTRA,128GB,verizon,flawless,$152.00,$274.35
GALAXY S22 ULTRA,128GB,verizon,good,$130.00,$274.35
GALAXY S22 ULTRA,128GB,verizon,fair,$73.00,$274.35
GALAXY S22 ULTRA,128GB,verizon,damaged,$37.00,$274.35
GALAXY S22 ULTRA,128GB,tmobile,flawless,$151.00,$274.35
GALAXY S22 ULTRA,128GB,tmobile,good,$130.00,$274.35
GALAXY S22 ULTRA,128GB,tmobile,fair,$92.00,$274.35
GALAXY S22 ULTRA,128GB,tmobile,damaged,$34.00,$274.35
GALAXY S22 ULTRA,128GB,unlocked,flawless,$187.00,$294.35
GALAXY S22 ULTRA,128GB,unlocked,good,$161.00,$294.35
GALAXY S22 ULTRA,128GB,unlocked,fair,$127.00,$294.35
GALAXY S22 ULTRA,128GB,unlocked,damaged,$56.00,$294.35
GALAXY S22 ULTRA,256gb,att,flawless,$181.00,$325.99
GALAXY S22 ULTRA,256gb,att,good,$157.00,$325.99
GALAXY S22 ULTRA,256gb,att,fair,$112.00,$325.99
GALAXY S22 ULTRA,256gb,att,damaged,$41.00,$325.99
GALAXY S22 ULTRA,256gb,verizon,flawless,$170.00,$325.99
GALAXY S22 ULTRA,256gb,verizon,good,$145.00,$325.99
GALAXY S22 ULTRA,256gb,verizon,fair,$82.00,$325.99
GALAXY S22 ULTRA,256gb,verizon,damaged,$39.00,$325.99
GALAXY S22 ULTRA,256gb,tmobile,flawless,$168.00,$325.99
GALAXY S22 ULTRA,256gb,tmobile,good,$137.00,$325.99
GALAXY S22 ULTRA,256gb,tmobile,fair,$107.00,$325.99
GALAXY S22 ULTRA,256gb,tmobile,damaged,$37.00,$325.99
GALAXY S22 ULTRA,256gb,unlocked,flawless,$205.78,$345.99
GALAXY S22 ULTRA,256gb,unlocked,good,$196.00,$345.99
GALAXY S22 ULTRA,256gb,unlocked,fair,$142.00,$345.99
GALAXY S22 ULTRA,256gb,unlocked,damaged,$56.00,$345.99
GALAXY S22 ULTRA,512GB,att,flawless,$181.00,$354.99
GALAXY S22 ULTRA,512GB,att,good,$157.00,$354.99
GALAXY S22 ULTRA,512GB,att,fair,$112.00,$354.99
GALAXY S22 ULTRA,512GB,att,damaged,$41.00,$354.99
GALAXY S22 ULTRA,512GB,verizon,flawless,$170.00,$354.99
GALAXY S22 ULTRA,512GB,verizon,good,$145.00,$354.99
GALAXY S22 ULTRA,512GB,verizon,fair,$82.00,$354.99
GALAXY S22 ULTRA,512GB,verizon,damaged,$39.00,$354.99
GALAXY S22 ULTRA,512GB,tmobile,flawless,$168.00,$354.99
GALAXY S22 ULTRA,512GB,tmobile,good,$137.00,$354.99
GALAXY S22 ULTRA,512GB,tmobile,fair,$107.00,$354.99
GALAXY S22 ULTRA,512GB,tmobile,damaged,$37.00,$354.99
GALAXY S22 ULTRA,512GB,unlocked,flawless,$205.78,$374.99
GALAXY S22 ULTRA,512GB,unlocked,good,$196.00,$374.99
GALAXY S22 ULTRA,512GB,unlocked,fair,$142.00,$374.99
GALAXY S22 ULTRA,512GB,unlocked,damaged,$56.00,$374.99
GALAXY S22 ULTRA,1TB,att,flawless,$181.00,$498.44
GALAXY S22 ULTRA,1TB,att,good,$157.00,$498.44
GALAXY S22 ULTRA,1TB,att,fair,$112.00,$498.44
GALAXY S22 ULTRA,1TB,att,damaged,$41.00,$498.44
GALAXY S22 ULTRA,1TB,verizon,flawless,$170.00,$498.44
GALAXY S22 ULTRA,1TB,verizon,good,$145.00,$498.44
GALAXY S22 ULTRA,1TB,verizon,fair,$82.00,$498.44
GALAXY S22 ULTRA,1TB,verizon,damaged,$39.00,$498.44
GALAXY S22 ULTRA,1TB,tmobile,flawless,$168.00,$498.44
GALAXY S22 ULTRA,1TB,tmobile,good,$137.00,$498.44
GALAXY S22 ULTRA,1TB,tmobile,fair,$107.00,$498.44
GALAXY S22 ULTRA,1TB,tmobile,damaged,$37.00,$498.44
GALAXY S22 ULTRA,1TB,unlocked,flawless,$205.78,$518.44
GALAXY S22 ULTRA,1TB,unlocked,good,$196.00,$518.44
GALAXY S22 ULTRA,1TB,unlocked,fair,$142.00,$518.44
GALAXY S22 ULTRA,1TB,unlocked,damaged,$56.00,$518.44
GALAXY S22+,128GB,att,flawless,$110.10,$146.80
GALAXY S22+,128GB,att,good,$98.00,$146.80
GALAXY S22+,128GB,att,fair,$64.00,$146.80
GALAXY S22+,128GB,att,damaged,$31.00,$146.80
GALAXY S22+,128GB,verizon,flawless,$110.00,$146.80
GALAXY S22+,128GB,verizon,good,$98.00,$146.80
GALAXY S22+,128GB,verizon,fair,$64.00,$146.80
GALAXY S22+,128GB,verizon,damaged,$23.00,$146.80
GALAXY S22+,128GB,tmobile,flawless,$105.00,$146.80
GALAXY S22+,128GB,tmobile,good,$79.00,$146.80
GALAXY S22+,128GB,tmobile,fair,$45.00,$146.80
GALAXY S22+,128GB,tmobile,damaged,$23.00,$146.80
GALAXY S22+,128GB,unlocked,flawless,$110.10,$166.80
GALAXY S22+,128GB,unlocked,good,$110.10,$166.80
GALAXY S22+,128GB,unlocked,fair,$83.00,$166.80
GALAXY S22+,128GB,unlocked,damaged,$36.00,$166.80
GALAXY S22+,256gb,att,flawless,$128.00,$200.00
GALAXY S22+,256gb,att,good,$109.00,$200.00
GALAXY S22+,256gb,att,fair,$77.00,$200.00
GALAXY S22+,256gb,att,damaged,$36.00,$200.00
GALAXY S22+,256gb,verizon,flawless,$121.00,$200.00
GALAXY S22+,256gb,verizon,good,$110.00,$200.00
GALAXY S22+,256gb,verizon,fair,$77.00,$200.00
GALAXY S22+,256gb,verizon,damaged,$30.00,$200.00
GALAXY S22+,256gb,tmobile,flawless,$114.00,$200.00
GALAXY S22+,256gb,tmobile,good,$91.00,$200.00
GALAXY S22+,256gb,tmobile,fair,$58.00,$200.00
GALAXY S22+,256gb,tmobile,damaged,$30.00,$200.00
GALAXY S22+,256gb,unlocked,flawless,$135.86,$220.00
GALAXY S22+,256gb,unlocked,good,$128.00,$220.00
GALAXY S22+,256gb,unlocked,fair,$94.00,$220.00
GALAXY S22+,256gb,unlocked,damaged,$41.00,$220.00
GALAXY S23,128GB,att,flawless,$146.90,$219.95
GALAXY S23,128GB,att,good,$136.00,$219.95
GALAXY S23,128GB,att,fair,$92.00,$219.95
GALAXY S23,128GB,att,damaged,$52.00,$219.95
GALAXY S23,128GB,verizon,flawless,$146.90,$219.95
GALAXY S23,128GB,verizon,good,$138.00,$219.95
GALAXY S23,128GB,verizon,fair,$92.00,$219.95
GALAXY S23,128GB,verizon,damaged,$47.00,$219.95
GALAXY S23,128GB,tmobile,flawless,$133.00,$219.95
GALAXY S23,128GB,tmobile,good,$116.00,$219.95
GALAXY S23,128GB,tmobile,fair,$91.00,$219.95
GALAXY S23,128GB,tmobile,damaged,$37.00,$219.95
GALAXY S23,128GB,unlocked,flawless,$146.90,$239.95
GALAXY S23,128GB,unlocked,good,$146.90,$239.95
GALAXY S23,128GB,unlocked,fair,$107.00,$239.95
GALAXY S23,128GB,unlocked,damaged,$57.00,$239.95
GALAXY S23,256gb,att,flawless,$171.00,$292.00
GALAXY S23,256gb,att,good,$156.00,$292.00
GALAXY S23,256gb,att,fair,$92.00,$292.00
GALAXY S23,256gb,att,damaged,$57.00,$292.00
GALAXY S23,256gb,verizon,flawless,$179.00,$292.00
GALAXY S23,256gb,verizon,good,$156.00,$292.00
GALAXY S23,256gb,verizon,fair,$92.00,$292.00
GALAXY S23,256gb,verizon,damaged,$51.00,$292.00
GALAXY S23,256gb,tmobile,flawless,$159.00,$292.00
GALAXY S23,256gb,tmobile,good,$137.00,$292.00
GALAXY S23,256gb,tmobile,fair,$92.00,$292.00
GALAXY S23,256gb,tmobile,damaged,$42.00,$292.00
GALAXY S23,256gb,unlocked,flawless,$183.70,$312.00
GALAXY S23,256gb,unlocked,good,$176.00,$312.00
GALAXY S23,256gb,unlocked,fair,$127.00,$312.00
GALAXY S23,256gb,unlocked,damaged,$62.00,$312.00
GALAXY S23,512GB,att,flawless,$171.00,$334.99
GALAXY S23,512GB,att,good,$156.00,$334.99
GALAXY S23,512GB,att,fair,$92.00,$334.99
GALAXY S23,512GB,att,damaged,$57.00,$334.99
GALAXY S23,512GB,verizon,flawless,$179.00,$334.99
GALAXY S23,512GB,verizon,good,$156.00,$334.99
GALAXY S23,512GB,verizon,fair,$92.00,$334.99
GALAXY S23,512GB,verizon,damaged,$51.00,$334.99
GALAXY S23,512GB,tmobile,flawless,$159.00,$334.99
GALAXY S23,512GB,tmobile,good,$137.00,$334.99
GALAXY S23,512GB,tmobile,fair,$92.00,$334.99
GALAXY S23,512GB,tmobile,damaged,$42.00,$334.99
GALAXY S23,512GB,unlocked,flawless,$183.70,$354.99
GALAXY S23,512GB,unlocked,good,$176.00,$354.99
GALAXY S23,512GB,unlocked,fair,$127.00,$354.99
GALAXY S23,512GB,unlocked,damaged,$62.00,$354.99
GALAXY S23 ULTRA,256gb,att,flawless,$283.48,$390.95
GALAXY S23 ULTRA,256gb,att,good,$254.00,$390.95
GALAXY S23 ULTRA,256gb,att,fair,$159.00,$390.95
GALAXY S23 ULTRA,256gb,att,damaged,$106.00,$390.95
GALAXY S23 ULTRA,256gb,verizon,flawless,$283.48,$390.95
GALAXY S23 ULTRA,256gb,verizon,good,$241.00,$390.95
GALAXY S23 ULTRA,256gb,verizon,fair,$142.00,$390.95
GALAXY S23 ULTRA,256gb,verizon,damaged,$91.00,$390.95
GALAXY S23 ULTRA,256gb,tmobile,flawless,$269.00,$390.95
GALAXY S23 ULTRA,256gb,tmobile,good,$211.00,$390.95
GALAXY S23 ULTRA,256gb,tmobile,fair,$132.00,$390.95
GALAXY S23 ULTRA,256gb,tmobile,damaged,$67.00,$390.95
GALAXY S23 ULTRA,256gb,unlocked,flawless,$283.48,$410.95
GALAXY S23 ULTRA,256gb,unlocked,good,$271.00,$410.95
GALAXY S23 ULTRA,256gb,unlocked,fair,$187.00,$410.95
GALAXY S23 ULTRA,256gb,unlocked,damaged,$107.00,$410.95
GALAXY S23 ULTRA,512GB,att,flawless,$283.48,$459.99
GALAXY S23 ULTRA,512GB,att,good,$254.00,$459.99
GALAXY S23 ULTRA,512GB,att,fair,$159.00,$459.99
GALAXY S23 ULTRA,512GB,att,damaged,$106.00,$459.99
GALAXY S23 ULTRA,512GB,verizon,flawless,$283.48,$459.99
GALAXY S23 ULTRA,512GB,verizon,good,$241.00,$459.99
GALAXY S23 ULTRA,512GB,verizon,fair,$142.00,$459.99
GALAXY S23 ULTRA,512GB,verizon,damaged,$91.00,$459.99
GALAXY S23 ULTRA,512GB,tmobile,flawless,$269.00,$459.99
GALAXY S23 ULTRA,512GB,tmobile,good,$211.00,$459.99
GALAXY S23 ULTRA,512GB,tmobile,fair,$132.00,$459.99
GALAXY S23 ULTRA,512GB,tmobile,damaged,$67.00,$459.99
GALAXY S23 ULTRA,512GB,unlocked,flawless,$283.48,$479.99
GALAXY S23 ULTRA,512GB,unlocked,good,$271.00,$479.99
GALAXY S23 ULTRA,512GB,unlocked,fair,$187.00,$479.99
GALAXY S23 ULTRA,512GB,unlocked,damaged,$107.00,$479.99
GALAXY S23 ULTRA,1TB,att,flawless,$283.48,$629.99
GALAXY S23 ULTRA,1TB,att,good,$254.00,$629.99
GALAXY S23 ULTRA,1TB,att,fair,$159.00,$629.99
GALAXY S23 ULTRA,1TB,att,damaged,$106.00,$629.99
GALAXY S23 ULTRA,1TB,verizon,flawless,$283.48,$629.99
GALAXY S23 ULTRA,1TB,verizon,good,$241.00,$629.99
GALAXY S23 ULTRA,1TB,verizon,fair,$142.00,$629.99
GALAXY S23 ULTRA,1TB,verizon,damaged,$91.00,$629.99
GALAXY S23 ULTRA,1TB,tmobile,flawless,$269.00,$629.99
GALAXY S23 ULTRA,1TB,tmobile,good,$211.00,$629.99
GALAXY S23 ULTRA,1TB,tmobile,fair,$132.00,$629.99
GALAXY S23 ULTRA,1TB,tmobile,damaged,$67.00,$629.99
GALAXY S23 ULTRA,1TB,unlocked,flawless,$283.48,$649.99
GALAXY S23 ULTRA,1TB,unlocked,good,$271.00,$649.99
GALAXY S23 ULTRA,1TB,unlocked,fair,$187.00,$649.99
GALAXY S23 ULTRA,1TB,unlocked,damaged,$107.00,$649.99
GALAXY S23+,256GB,att,flawless,$191.06,$309.00
GALAXY S23+,256GB,att,good,$191.06,$309.00
GALAXY S23+,256GB,att,fair,$103.00,$309.00
GALAXY S23+,256GB,att,damaged,$92.00,$309.00
GALAXY S23+,256GB,verizon,flawless,$191.06,$309.00
GALAXY S23+,256GB,verizon,good,$191.06,$309.00
GALAXY S23+,256GB,verizon,fair,$100.00,$309.00
GALAXY S23+,256GB,verizon,damaged,$72.00,$309.00
GALAXY S23+,256GB,tmobile,flawless,$183.00,$309.00
GALAXY S23+,256GB,tmobile,good,$159.00,$309.00
GALAXY S23+,256GB,tmobile,fair,$90.00,$309.00
GALAXY S23+,256GB,tmobile,damaged,$67.00,$309.00
GALAXY S23+,256GB,unlocked,flawless,$191.06,$329.00
GALAXY S23+,256GB,unlocked,good,$191.06,$329.00
GALAXY S23+,256GB,unlocked,fair,$132.00,$329.00
GALAXY S23+,256GB,unlocked,damaged,$112.00,$329.00
GALAXY S23+,512GB,att,flawless,$205.78,$328.95
GALAXY S23+,512GB,att,good,$205.78,$328.95
GALAXY S23+,512GB,att,fair,$122.00,$328.95
GALAXY S23+,512GB,att,damaged,$97.00,$328.95
GALAXY S23+,512GB,verizon,flawless,$205.78,$328.95
GALAXY S23+,512GB,verizon,good,$206.00,$328.95
GALAXY S23+,512GB,verizon,fair,$104.00,$328.95
GALAXY S23+,512GB,verizon,damaged,$82.00,$328.95
GALAXY S23+,512GB,tmobile,flawless,$205.78,$328.95
GALAXY S23+,512GB,tmobile,good,$176.00,$328.95
GALAXY S23+,512GB,tmobile,fair,$107.00,$328.95
GALAXY S23+,512GB,tmobile,damaged,$67.00,$328.95
GALAXY S23+,512GB,unlocked,flawless,$205.78,$348.95
GALAXY S23+,512GB,unlocked,good,$205.78,$348.95
GALAXY S23+,512GB,unlocked,fair,$157.00,$348.95
GALAXY S23+,512GB,unlocked,damaged,$117.00,$348.95
GALAXY S23FE,128GB,att,flawless,$88.00,$194.70
GALAXY S23FE,128GB,att,good,$70.00,$194.70
GALAXY S23FE,128GB,att,fair,$46.00,$194.70
GALAXY S23FE,128GB,att,damaged,$27.00,$194.70
GALAXY S23FE,128GB,verizon,flawless,$124.82,$194.70
GALAXY S23FE,128GB,verizon,good,$105.00,$194.70
GALAXY S23FE,128GB,verizon,fair,$46.00,$194.70
GALAXY S23FE,128GB,verizon,damaged,$27.00,$194.70
GALAXY S23FE,128GB,tmobile,flawless,$77.00,$194.70
GALAXY S23FE,128GB,tmobile,good,$61.00,$194.70
GALAXY S23FE,128GB,tmobile,fair,$43.00,$194.70
GALAXY S23FE,128GB,tmobile,damaged,$24.00,$194.70
GALAXY S23FE,128GB,unlocked,flawless,$124.82,$214.70
GALAXY S23FE,128GB,unlocked,good,$125.00,$214.70
GALAXY S23FE,128GB,unlocked,fair,$63.00,$214.70
GALAXY S23FE,128GB,unlocked,damaged,$32.00,$214.70
GALAXY S23FE,256gb,att,flawless,$98.00,$194.70
GALAXY S23FE,256gb,att,good,$78.00,$194.70
GALAXY S23FE,256gb,att,fair,$50.00,$194.70
GALAXY S23FE,256gb,att,damaged,$32.00,$194.70
GALAXY S23FE,256gb,verizon,flawless,$142.00,$194.70
GALAXY S23FE,256gb,verizon,good,$113.00,$194.70
GALAXY S23FE,256gb,verizon,fair,$50.00,$194.70
GALAXY S23FE,256gb,verizon,damaged,$32.00,$194.70
GALAXY S23FE,256gb,tmobile,flawless,$88.00,$194.70
GALAXY S23FE,256gb,tmobile,good,$70.00,$194.70
GALAXY S23FE,256gb,tmobile,fair,$49.00,$194.70
GALAXY S23FE,256gb,tmobile,damaged,$27.00,$194.70
GALAXY S23FE,256gb,unlocked,flawless,$162.00,$214.70
GALAXY S23FE,256gb,unlocked,good,$141.00,$214.70
GALAXY S23FE,256gb,unlocked,fair,$73.00,$214.70
GALAXY S23FE,256gb,unlocked,damaged,$32.00,$214.70
GALAXY S24,128GB,att,flawless,$205.78,$259.62
GALAXY S24,128GB,att,good,$185.00,$259.62
GALAXY S24,128GB,att,fair,$112.00,$259.62
GALAXY S24,128GB,att,damaged,$92.00,$259.62
GALAXY S24,128GB,verizon,flawless,$203.00,$259.62
GALAXY S24,128GB,verizon,good,$181.00,$259.62
GALAXY S24,128GB,verizon,fair,$116.00,$259.62
GALAXY S24,128GB,verizon,damaged,$91.00,$259.62
GALAXY S24,128GB,tmobile,flawless,$205.78,$259.62
GALAXY S24,128GB,tmobile,good,$186.00,$259.62
GALAXY S24,128GB,tmobile,fair,$171.00,$259.62
GALAXY S24,128GB,tmobile,damaged,$92.00,$259.62
GALAXY S24,128GB,unlocked,flawless,$205.78,$279.62
GALAXY S24,128GB,unlocked,good,$205.78,$279.62
GALAXY S24,128GB,unlocked,fair,$187.00,$279.62
GALAXY S24,128GB,unlocked,damaged,$132.00,$279.62
GALAXY S24,256gb,att,flawless,$233.00,$422.89
GALAXY S24,256gb,att,good,$197.00,$422.89
GALAXY S24,256gb,att,fair,$142.00,$422.89
GALAXY S24,256gb,att,damaged,$102.00,$422.89
GALAXY S24,256gb,verizon,flawless,$215.00,$422.89
GALAXY S24,256gb,verizon,good,$193.00,$422.89
GALAXY S24,256gb,verizon,fair,$127.00,$422.89
GALAXY S24,256gb,verizon,damaged,$102.00,$422.89
GALAXY S24,256gb,tmobile,flawless,$219.00,$422.89
GALAXY S24,256gb,tmobile,good,$186.00,$422.89
GALAXY S24,256gb,tmobile,fair,$137.00,$422.89
GALAXY S24,256gb,tmobile,damaged,$102.00,$422.89
GALAXY S24,256gb,unlocked,flawless,$272.02,$442.89
GALAXY S24,256gb,unlocked,good,$266.00,$442.89
GALAXY S24,256gb,unlocked,fair,$217.00,$442.89
GALAXY S24,256gb,unlocked,damaged,$142.00,$442.89
GALAXY S24 FE,128GB,att,flawless,$164.00,$259.62
GALAXY S24 FE,128GB,att,good,$136.00,$259.62
GALAXY S24 FE,128GB,att,fair,$92.00,$259.62
GALAXY S24 FE,128GB,att,damaged,$66.00,$259.62
GALAXY S24 FE,128GB,verizon,flawless,$164.00,$259.62
GALAXY S24 FE,128GB,verizon,good,$131.00,$259.62
GALAXY S24 FE,128GB,verizon,fair,$88.00,$259.62
GALAXY S24 FE,128GB,verizon,damaged,$61.00,$259.62
GALAXY S24 FE,128GB,tmobile,flawless,$148.00,$259.62
GALAXY S24 FE,128GB,tmobile,good,$122.00,$259.62
GALAXY S24 FE,128GB,tmobile,fair,$92.00,$259.62
GALAXY S24 FE,128GB,tmobile,damaged,$52.00,$259.62
GALAXY S24 FE,128GB,unlocked,flawless,$191.06,$279.62
GALAXY S24 FE,128GB,unlocked,good,$191.06,$279.62
GALAXY S24 FE,128GB,unlocked,fair,$127.00,$279.62
GALAXY S24 FE,128GB,unlocked,damaged,$81.00,$279.62
GALAXY S24 FE,256gb,att,flawless,$187.00,$394.00
GALAXY S24 FE,256gb,att,good,$159.00,$394.00
GALAXY S24 FE,256gb,att,fair,$96.00,$394.00
GALAXY S24 FE,256gb,att,damaged,$71.00,$394.00
GALAXY S24 FE,256gb,verizon,flawless,$178.00,$394.00
GALAXY S24 FE,256gb,verizon,good,$142.00,$394.00
GALAXY S24 FE,256gb,verizon,fair,$96.00,$394.00
GALAXY S24 FE,256gb,verizon,damaged,$66.00,$394.00
GALAXY S24 FE,256gb,tmobile,flawless,$168.00,$394.00
GALAXY S24 FE,256gb,tmobile,good,$140.00,$394.00
GALAXY S24 FE,256gb,tmobile,fair,$96.00,$394.00
GALAXY S24 FE,256gb,tmobile,damaged,$56.00,$394.00
GALAXY S24 FE,256gb,unlocked,flawless,$205.78,$414.00
GALAXY S24 FE,256gb,unlocked,good,$205.78,$414.00
GALAXY S24 FE,256gb,unlocked,fair,$147.00,$414.00
GALAXY S24 FE,256gb,unlocked,damaged,$86.00,$414.00
GALAXY S24 ULTRA,256GB,att,flawless,$353.00,$589.95
GALAXY S24 ULTRA,256GB,att,good,$314.00,$589.95
GALAXY S24 ULTRA,256GB,att,fair,$232.00,$589.95
GALAXY S24 ULTRA,256GB,att,damaged,$107.00,$589.95
GALAXY S24 ULTRA,256GB,verizon,flawless,$333.00,$589.95
GALAXY S24 ULTRA,256GB,verizon,good,$306.00,$589.95
GALAXY S24 ULTRA,256GB,verizon,fair,$172.00,$589.95
GALAXY S24 ULTRA,256GB,verizon,damaged,$102.00,$589.95
GALAXY S24 ULTRA,256GB,tmobile,flawless,$317.00,$589.95
GALAXY S24 ULTRA,256GB,tmobile,good,$315.00,$589.95
GALAXY S24 ULTRA,256GB,tmobile,fair,$182.00,$589.95
GALAXY S24 ULTRA,256GB,tmobile,damaged,$107.00,$589.95
GALAXY S24 ULTRA,256GB,unlocked,flawless,$431.48,$609.95
GALAXY S24 ULTRA,256GB,unlocked,good,$375.00,$609.95
GALAXY S24 ULTRA,256GB,unlocked,fair,$332.00,$609.95
GALAXY S24 ULTRA,256GB,unlocked,damaged,$157.00,$609.95
GALAXY S24 ULTRA,512GB,att,flawless,$398.00,$607.00
GALAXY S24 ULTRA,512GB,att,good,$337.00,$607.00
GALAXY S24 ULTRA,512GB,att,fair,$252.00,$607.00
GALAXY S24 ULTRA,512GB,att,damaged,$122.00,$607.00
GALAXY S24 ULTRA,512GB,verizon,flawless,$360.00,$607.00
GALAXY S24 ULTRA,512GB,verizon,good,$309.00,$607.00
GALAXY S24 ULTRA,512GB,verizon,fair,$212.00,$607.00
GALAXY S24 ULTRA,512GB,verizon,damaged,$112.00,$607.00
GALAXY S24 ULTRA,512GB,tmobile,flawless,$362.00,$607.00
GALAXY S24 ULTRA,512GB,tmobile,good,$293.00,$607.00
GALAXY S24 ULTRA,512GB,tmobile,fair,$202.00,$607.00
GALAXY S24 ULTRA,512GB,tmobile,damaged,$122.00,$607.00
GALAXY S24 ULTRA,512GB,unlocked,flawless,$455.48,$627.00
GALAXY S24 ULTRA,512GB,unlocked,good,$421.00,$627.00
GALAXY S24 ULTRA,512GB,unlocked,fair,$352.00,$627.00
GALAXY S24 ULTRA,512GB,unlocked,damaged,$172.00,$627.00
GALAXY S24 ULTRA,1TB,att,flawless,$398.00,$729.99
GALAXY S24 ULTRA,1TB,att,good,$337.00,$729.99
GALAXY S24 ULTRA,1TB,att,fair,$252.00,$729.99
GALAXY S24 ULTRA,1TB,att,damaged,$122.00,$729.99
GALAXY S24 ULTRA,1TB,verizon,flawless,$360.00,$729.99
GALAXY S24 ULTRA,1TB,verizon,good,$309.00,$729.99
GALAXY S24 ULTRA,1TB,verizon,fair,$212.00,$729.99
GALAXY S24 ULTRA,1TB,verizon,damaged,$112.00,$729.99
GALAXY S24 ULTRA,1TB,tmobile,flawless,$362.00,$729.99
GALAXY S24 ULTRA,1TB,tmobile,good,$293.00,$729.99
GALAXY S24 ULTRA,1TB,tmobile,fair,$202.00,$729.99
GALAXY S24 ULTRA,1TB,tmobile,damaged,$122.00,$729.99
GALAXY S24 ULTRA,1TB,unlocked,flawless,$455.48,$749.99
GALAXY S24 ULTRA,1TB,unlocked,good,$421.00,$749.99
GALAXY S24 ULTRA,1TB,unlocked,fair,$352.00,$749.99
GALAXY S24 ULTRA,1TB,unlocked,damaged,$172.00,$749.99
GALAXY S24+,256GB,att,flawless,$264.00,$422.89
GALAXY S24+,256GB,att,good,$231.00,$422.89
GALAXY S24+,256GB,att,fair,$147.00,$422.89
GALAXY S24+,256GB,att,damaged,$91.00,$422.89
GALAXY S24+,256GB,verizon,flawless,$242.00,$422.89
GALAXY S24+,256GB,verizon,good,$223.00,$422.89
GALAXY S24+,256GB,verizon,fair,$152.00,$422.89
GALAXY S24+,256GB,verizon,damaged,$86.00,$422.89
GALAXY S24+,256GB,tmobile,flawless,$231.00,$422.89
GALAXY S24+,256GB,tmobile,good,$211.00,$422.89
GALAXY S24+,256GB,tmobile,fair,$142.00,$422.89
GALAXY S24+,256GB,tmobile,damaged,$77.00,$422.89
GALAXY S24+,256GB,unlocked,flawless,$287.48,$442.89
GALAXY S24+,256GB,unlocked,good,$287.48,$442.89
GALAXY S24+,256GB,unlocked,fair,$222.00,$442.89
GALAXY S24+,256GB,unlocked,damaged,$107.00,$442.89
GALAXY S24+,512GB,att,flawless,$336.00,$474.99
GALAXY S24+,512GB,att,good,$281.00,$474.99
GALAXY S24+,512GB,att,fair,$217.00,$474.99
GALAXY S24+,512GB,att,damaged,$101.00,$474.99
GALAXY S24+,512GB,verizon,flawless,$284.00,$474.99
GALAXY S24+,512GB,verizon,good,$259.00,$474.99
GALAXY S24+,512GB,verizon,fair,$187.00,$474.99
GALAXY S24+,512GB,verizon,damaged,$101.00,$474.99
GALAXY S24+,512GB,tmobile,flawless,$273.00,$474.99
GALAXY S24+,512GB,tmobile,good,$251.00,$474.99
GALAXY S24+,512GB,tmobile,fair,$192.00,$474.99
GALAXY S24+,512GB,tmobile,damaged,$82.00,$474.99
GALAXY S24+,512GB,unlocked,flawless,$371.48,$494.99
GALAXY S24+,512GB,unlocked,good,$351.00,$494.99
GALAXY S24+,512GB,unlocked,fair,$292.00,$494.99
GALAXY S24+,512GB,unlocked,damaged,$117.00,$494.99
GALAXY S25,128GB,att,flawless,$295.48,$397.00
GALAXY S25,128GB,att,good,$275.00,$397.00
GALAXY S25,128GB,att,fair,$177.00,$397.00
GALAXY S25,128GB,att,damaged,$81.00,$397.00
GALAXY S25,128GB,verizon,flawless,$295.48,$397.00
GALAXY S25,128GB,verizon,good,$258.00,$397.00
GALAXY S25,128GB,verizon,fair,$169.00,$397.00
GALAXY S25,128GB,verizon,damaged,$81.00,$397.00
GALAXY S25,128GB,tmobile,flawless,$284.00,$397.00
GALAXY S25,128GB,tmobile,good,$240.00,$397.00
GALAXY S25,128GB,tmobile,fair,$152.00,$397.00
GALAXY S25,128GB,tmobile,damaged,$76.00,$397.00
GALAXY S25,128GB,unlocked,flawless,$295.48,$417.00
GALAXY S25,128GB,unlocked,good,$295.48,$417.00
GALAXY S25,128GB,unlocked,fair,$252.00,$417.00
GALAXY S25,128GB,unlocked,damaged,$87.00,$417.00
GALAXY S25,256gb,att,flawless,$344.00,$709.50
GALAXY S25,256gb,att,good,$290.00,$709.50
GALAXY S25,256gb,att,fair,$207.00,$709.50
GALAXY S25,256gb,att,damaged,$91.00,$709.50
GALAXY S25,256gb,verizon,flawless,$323.00,$709.50
GALAXY S25,256gb,verizon,good,$283.00,$709.50
GALAXY S25,256gb,verizon,fair,$169.00,$709.50
GALAXY S25,256gb,verizon,damaged,$91.00,$709.50
GALAXY S25,256gb,tmobile,flawless,$316.00,$709.50
GALAXY S25,256gb,tmobile,good,$267.00,$709.50
GALAXY S25,256gb,tmobile,fair,$182.00,$709.50
GALAXY S25,256gb,tmobile,damaged,$86.00,$709.50
GALAXY S25,256gb,unlocked,flawless,$375.48,$729.50
GALAXY S25,256gb,unlocked,good,$351.00,$729.50
GALAXY S25,256gb,unlocked,fair,$282.00,$729.50
GALAXY S25,256gb,unlocked,damaged,$97.00,$729.50
GALAXY S25 EDGE,256gb,att,flawless,$367.00,$502.00
GALAXY S25 EDGE,256gb,att,good,$316.00,$502.00
GALAXY S25 EDGE,256gb,att,fair,$227.00,$502.00
GALAXY S25 EDGE,256gb,att,damaged,$92.00,$502.00
GALAXY S25 EDGE,256gb,verizon,flawless,$363.00,$502.00
GALAXY S25 EDGE,256gb,verizon,good,$312.00,$502.00
GALAXY S25 EDGE,256gb,verizon,fair,$202.00,$502.00
GALAXY S25 EDGE,256gb,verizon,damaged,$87.00,$502.00
GALAXY S25 EDGE,256gb,tmobile,flawless,$392.00,$502.00
GALAXY S25 EDGE,256gb,tmobile,good,$341.00,$502.00
GALAXY S25 EDGE,256gb,tmobile,fair,$252.00,$502.00
GALAXY S25 EDGE,256gb,tmobile,damaged,$87.00,$502.00
GALAXY S25 EDGE,256gb,unlocked,flawless,$399.48,$522.00
GALAXY S25 EDGE,256gb,unlocked,good,$399.48,$522.00
GALAXY S25 EDGE,256gb,unlocked,fair,$352.00,$522.00
GALAXY S25 EDGE,256gb,unlocked,damaged,$107.00,$522.00
GALAXY S25 EDGE,512GB,att,flawless,$392.00,$854.99
GALAXY S25 EDGE,512GB,att,good,$341.00,$854.99
GALAXY S25 EDGE,512GB,att,fair,$252.00,$854.99
GALAXY S25 EDGE,512GB,att,damaged,$92.00,$854.99
GALAXY S25 EDGE,512GB,verizon,flawless,$368.00,$854.99
GALAXY S25 EDGE,512GB,verizon,good,$317.00,$854.99
GALAXY S25 EDGE,512GB,verizon,fair,$232.00,$854.99
GALAXY S25 EDGE,512GB,verizon,damaged,$92.00,$854.99
GALAXY S25 EDGE,512GB,tmobile,flawless,$417.00,$854.99
GALAXY S25 EDGE,512GB,tmobile,good,$366.00,$854.99
GALAXY S25 EDGE,512GB,tmobile,fair,$277.00,$854.99
GALAXY S25 EDGE,512GB,tmobile,damaged,$92.00,$854.99
GALAXY S25 EDGE,512GB,unlocked,flawless,$479.48,$874.99
GALAXY S25 EDGE,512GB,unlocked,good,$466.00,$874.99
GALAXY S25 EDGE,512GB,unlocked,fair,$377.00,$874.99
GALAXY S25 EDGE,512GB,unlocked,damaged,$117.00,$874.99
GALAXY S25 ULTRA,128GB,att,flawless,$539.00,$766.97
GALAXY S25 ULTRA,128GB,att,good,$496.00,$766.97
GALAXY S25 ULTRA,128GB,att,fair,$421.00,$766.97
GALAXY S25 ULTRA,128GB,att,damaged,$191.00,$766.97
GALAXY S25 ULTRA,128GB,verizon,flawless,$538.00,$766.97
GALAXY S25 ULTRA,128GB,verizon,good,$468.00,$766.97
GALAXY S25 ULTRA,128GB,verizon,fair,$402.00,$766.97
GALAXY S25 ULTRA,128GB,verizon,damaged,$215.00,$766.97
GALAXY S25 ULTRA,128GB,tmobile,flawless,$488.00,$766.97
GALAXY S25 ULTRA,128GB,tmobile,good,$446.00,$766.97
GALAXY S25 ULTRA,128GB,tmobile,fair,$372.00,$766.97
GALAXY S25 ULTRA,128GB,tmobile,damaged,$191.00,$766.97
GALAXY S25 ULTRA,128GB,unlocked,flawless,$575.48,$786.97
GALAXY S25 ULTRA,128GB,unlocked,good,$575.48,$786.97
GALAXY S25 ULTRA,128GB,unlocked,fair,$521.00,$786.97
GALAXY S25 ULTRA,128GB,unlocked,damaged,$202.00,$786.97
GALAXY S25 ULTRA,256GB,att,flawless,$539.00,$766.97
GALAXY S25 ULTRA,256GB,att,good,$496.00,$766.97
GALAXY S25 ULTRA,256GB,att,fair,$421.00,$766.97
GALAXY S25 ULTRA,256GB,att,damaged,$191.00,$766.97
GALAXY S25 ULTRA,256GB,verizon,flawless,$538.00,$766.97
GALAXY S25 ULTRA,256GB,verizon,good,$468.00,$766.97
GALAXY S25 ULTRA,256GB,verizon,fair,$402.00,$766.97
GALAXY S25 ULTRA,256GB,verizon,damaged,$215.00,$766.97
GALAXY S25 ULTRA,256GB,tmobile,flawless,$488.00,$766.97
GALAXY S25 ULTRA,256GB,tmobile,good,$446.00,$766.97
GALAXY S25 ULTRA,256GB,tmobile,fair,$372.00,$766.97
GALAXY S25 ULTRA,256GB,tmobile,damaged,$191.00,$766.97
GALAXY S25 ULTRA,256GB,unlocked,flawless,$575.48,$786.97
GALAXY S25 ULTRA,256GB,unlocked,good,$575.48,$786.97
GALAXY S25 ULTRA,256GB,unlocked,fair,$521.00,$786.97
GALAXY S25 ULTRA,256GB,unlocked,damaged,$202.00,$786.97
GALAXY S25 ULTRA,512GB,att,flawless,$574.00,$1059.99
GALAXY S25 ULTRA,512GB,att,good,$526.00,$1059.99
GALAXY S25 ULTRA,512GB,att,fair,$476.00,$1059.99
GALAXY S25 ULTRA,512GB,att,damaged,$211.00,$1059.99
GALAXY S25 ULTRA,512GB,verizon,flawless,$596.00,$1059.99
GALAXY S25 ULTRA,512GB,verizon,good,$529.00,$1059.99
GALAXY S25 ULTRA,512GB,verizon,fair,$479.00,$1059.99
GALAXY S25 ULTRA,512GB,verizon,damaged,$235.00,$1059.99
GALAXY S25 ULTRA,512GB,tmobile,flawless,$523.00,$1059.99
GALAXY S25 ULTRA,512GB,tmobile,good,$484.00,$1059.99
GALAXY S25 ULTRA,512GB,tmobile,fair,$426.00,$1059.99
GALAXY S25 ULTRA,512GB,tmobile,damaged,$211.00,$1059.99
GALAXY S25 ULTRA,512GB,unlocked,flawless,$667.48,$1079.99
GALAXY S25 ULTRA,512GB,unlocked,good,$631.00,$1079.99
GALAXY S25 ULTRA,512GB,unlocked,fair,$576.00,$1079.99
GALAXY S25 ULTRA,512GB,unlocked,damaged,$222.00,$1079.99
GALAXY S25 ULTRA,1TB,att,flawless,$574.00,$1429.99
GALAXY S25 ULTRA,1TB,att,good,$526.00,$1429.99
GALAXY S25 ULTRA,1TB,att,fair,$476.00,$1429.99
GALAXY S25 ULTRA,1TB,att,damaged,$211.00,$1429.99
GALAXY S25 ULTRA,1TB,verizon,flawless,$596.00,$1429.99
GALAXY S25 ULTRA,1TB,verizon,good,$529.00,$1429.99
GALAXY S25 ULTRA,1TB,verizon,fair,$479.00,$1429.99
GALAXY S25 ULTRA,1TB,verizon,damaged,$235.00,$1429.99
GALAXY S25 ULTRA,1TB,tmobile,flawless,$523.00,$1429.99
GALAXY S25 ULTRA,1TB,tmobile,good,$484.00,$1429.99
GALAXY S25 ULTRA,1TB,tmobile,fair,$426.00,$1429.99
GALAXY S25 ULTRA,1TB,tmobile,damaged,$211.00,$1429.99
GALAXY S25 ULTRA,1TB,unlocked,flawless,$667.48,$1449.99
GALAXY S25 ULTRA,1TB,unlocked,good,$631.00,$1449.99
GALAXY S25 ULTRA,1TB,unlocked,fair,$576.00,$1449.99
GALAXY S25 ULTRA,1TB,unlocked,damaged,$222.00,$1449.99
GALAXY S25+,256GB,att,flawless,$399.48,$719.50
GALAXY S25+,256GB,att,good,$356.00,$719.50
GALAXY S25+,256GB,att,fair,$282.00,$719.50
GALAXY S25+,256GB,att,damaged,$87.00,$719.50
GALAXY S25+,256GB,verizon,flawless,$398.00,$719.50
GALAXY S25+,256GB,verizon,good,$356.00,$719.50
GALAXY S25+,256GB,verizon,fair,$172.00,$719.50
GALAXY S25+,256GB,verizon,damaged,$86.00,$719.50
GALAXY S25+,256GB,tmobile,flawless,$388.00,$719.50
GALAXY S25+,256GB,tmobile,good,$331.00,$719.50
GALAXY S25+,256GB,tmobile,fair,$262.00,$719.50
GALAXY S25+,256GB,tmobile,damaged,$82.00,$719.50
GALAXY S25+,256GB,unlocked,flawless,$399.48,$739.50
GALAXY S25+,256GB,unlocked,good,$399.48,$739.50
GALAXY S25+,256GB,unlocked,fair,$357.00,$739.50
GALAXY S25+,256GB,unlocked,damaged,$92.00,$739.50
GALAXY S25+,512GB,att,flawless,$468.00,$728.95
GALAXY S25+,512GB,att,good,$406.00,$728.95
GALAXY S25+,512GB,att,fair,$342.00,$728.95
GALAXY S25+,512GB,att,damaged,$97.00,$728.95
GALAXY S25+,512GB,verizon,flawless,$468.00,$728.95
GALAXY S25+,512GB,verizon,good,$406.00,$728.95
GALAXY S25+,512GB,verizon,fair,$192.00,$728.95
GALAXY S25+,512GB,verizon,damaged,$96.00,$728.95
GALAXY S25+,512GB,tmobile,flawless,$435.00,$728.95
GALAXY S25+,512GB,tmobile,good,$382.00,$728.95
GALAXY S25+,512GB,tmobile,fair,$317.00,$728.95
GALAXY S25+,512GB,tmobile,damaged,$92.00,$728.95
GALAXY S25+,512GB,unlocked,flawless,$483.48,$748.95
GALAXY S25+,512GB,unlocked,good,$481.00,$748.95
GALAXY S25+,512GB,unlocked,fair,$417.00,$748.95
GALAXY S25+,512GB,unlocked,damaged,$102.00,$748.95
GALAXY Z FLIP 4,128GB,att,flawless,$107.00,$208.39
GALAXY Z FLIP 4,128GB,att,good,$86.00,$208.39
GALAXY Z FLIP 4,128GB,att,fair,$47.00,$208.39
GALAXY Z FLIP 4,128GB,att,damaged,$21.00,$208.39
GALAXY Z FLIP 4,128GB,verizon,flawless,$97.00,$208.39
GALAXY Z FLIP 4,128GB,verizon,good,$81.00,$208.39
GALAXY Z FLIP 4,128GB,verizon,fair,$42.00,$208.39
GALAXY Z FLIP 4,128GB,verizon,damaged,$25.00,$208.39
GALAXY Z FLIP 4,128GB,tmobile,flawless,$107.00,$208.39
GALAXY Z FLIP 4,128GB,tmobile,good,$86.00,$208.39
GALAXY Z FLIP 4,128GB,tmobile,fair,$47.00,$208.39
GALAXY Z FLIP 4,128GB,tmobile,damaged,$21.00,$208.39
GALAXY Z FLIP 4,128GB,unlocked,flawless,$124.82,$228.39
GALAXY Z FLIP 4,128GB,unlocked,good,$118.00,$228.39
GALAXY Z FLIP 4,128GB,unlocked,fair,$78.00,$228.39
GALAXY Z FLIP 4,128GB,unlocked,damaged,$27.00,$228.39
GALAXY Z FLIP 4,256GB,att,flawless,$107.00,$199.99
GALAXY Z FLIP 4,256GB,att,good,$86.00,$199.99
GALAXY Z FLIP 4,256GB,att,fair,$47.00,$199.99
GALAXY Z FLIP 4,256GB,att,damaged,$21.00,$199.99
GALAXY Z FLIP 4,256GB,verizon,flawless,$97.00,$199.99
GALAXY Z FLIP 4,256GB,verizon,good,$81.00,$199.99
GALAXY Z FLIP 4,256GB,verizon,fair,$42.00,$199.99
GALAXY Z FLIP 4,256GB,verizon,damaged,$25.00,$199.99
GALAXY Z FLIP 4,256GB,tmobile,flawless,$107.00,$199.99
GALAXY Z FLIP 4,256GB,tmobile,good,$86.00,$199.99
GALAXY Z FLIP 4,256GB,tmobile,fair,$47.00,$199.99
GALAXY Z FLIP 4,256GB,tmobile,damaged,$21.00,$199.99
GALAXY Z FLIP 4,256GB,unlocked,flawless,$124.82,$219.99
GALAXY Z FLIP 4,256GB,unlocked,good,$118.00,$219.99
GALAXY Z FLIP 4,256GB,unlocked,fair,$78.00,$219.99
GALAXY Z FLIP 4,256GB,unlocked,damaged,$27.00,$219.99
GALAXY Z FLIP 4,512GB,att,flawless,$107.00,$347.91
GALAXY Z FLIP 4,512GB,att,good,$86.00,$347.91
GALAXY Z FLIP 4,512GB,att,fair,$47.00,$347.91
GALAXY Z FLIP 4,512GB,att,damaged,$21.00,$347.91
GALAXY Z FLIP 4,512GB,verizon,flawless,$97.00,$347.91
GALAXY Z FLIP 4,512GB,verizon,good,$81.00,$347.91
GALAXY Z FLIP 4,512GB,verizon,fair,$42.00,$347.91
GALAXY Z FLIP 4,512GB,verizon,damaged,$25.00,$347.91
GALAXY Z FLIP 4,512GB,tmobile,flawless,$107.00,$347.91
GALAXY Z FLIP 4,512GB,tmobile,good,$86.00,$347.91
GALAXY Z FLIP 4,512GB,tmobile,fair,$47.00,$347.91
GALAXY Z FLIP 4,512GB,tmobile,damaged,$21.00,$347.91
GALAXY Z FLIP 4,512GB,unlocked,flawless,$124.82,$367.91
GALAXY Z FLIP 4,512GB,unlocked,good,$118.00,$367.91
GALAXY Z FLIP 4,512GB,unlocked,fair,$78.00,$367.91
GALAXY Z FLIP 4,512GB,unlocked,damaged,$27.00,$367.91
GALAXY Z FLIP 5,256GB,att,flawless,$194.74,$264.75
GALAXY Z FLIP 5,256GB,att,good,$161.00,$264.75
GALAXY Z FLIP 5,256GB,att,fair,$133.00,$264.75
GALAXY Z FLIP 5,256GB,att,damaged,$46.00,$264.75
GALAXY Z FLIP 5,256GB,verizon,flawless,$192.00,$264.75
GALAXY Z FLIP 5,256GB,verizon,good,$161.00,$264.75
GALAXY Z FLIP 5,256GB,verizon,fair,$132.00,$264.75
GALAXY Z FLIP 5,256GB,verizon,damaged,$36.00,$264.75
GALAXY Z FLIP 5,256GB,tmobile,flawless,$194.74,$264.75
GALAXY Z FLIP 5,256GB,tmobile,good,$154.00,$264.75
GALAXY Z FLIP 5,256GB,tmobile,fair,$127.00,$264.75
GALAXY Z FLIP 5,256GB,tmobile,damaged,$46.00,$264.75
GALAXY Z FLIP 5,256GB,unlocked,flawless,$194.74,$284.75
GALAXY Z FLIP 5,256GB,unlocked,good,$194.74,$284.75
GALAXY Z FLIP 5,256GB,unlocked,fair,$164.00,$284.75
GALAXY Z FLIP 5,256GB,unlocked,damaged,$76.00,$284.75
GALAXY Z FLIP 5,512GB,att,flawless,$194.74,$309.99
GALAXY Z FLIP 5,512GB,att,good,$161.00,$309.99
GALAXY Z FLIP 5,512GB,att,fair,$133.00,$309.99
GALAXY Z FLIP 5,512GB,att,damaged,$46.00,$309.99
GALAXY Z FLIP 5,512GB,verizon,flawless,$192.00,$309.99
GALAXY Z FLIP 5,512GB,verizon,good,$161.00,$309.99
GALAXY Z FLIP 5,512GB,verizon,fair,$132.00,$309.99
GALAXY Z FLIP 5,512GB,verizon,damaged,$36.00,$309.99
GALAXY Z FLIP 5,512GB,tmobile,flawless,$194.74,$309.99
GALAXY Z FLIP 5,512GB,tmobile,good,$154.00,$309.99
GALAXY Z FLIP 5,512GB,tmobile,fair,$127.00,$309.99
GALAXY Z FLIP 5,512GB,tmobile,damaged,$46.00,$309.99
GALAXY Z FLIP 5,512GB,unlocked,flawless,$194.74,$329.99
GALAXY Z FLIP 5,512GB,unlocked,good,$194.74,$329.99
GALAXY Z FLIP 5,512GB,unlocked,fair,$164.00,$329.99
GALAXY Z FLIP 5,512GB,unlocked,damaged,$76.00,$329.99
GALAXY Z FLIP 6,256GB,att,flawless,$257.30,$379.99
GALAXY Z FLIP 6,256GB,att,good,$235.00,$379.99
GALAXY Z FLIP 6,256GB,att,fair,$190.00,$379.99
GALAXY Z FLIP 6,256GB,att,damaged,$46.00,$379.99
GALAXY Z FLIP 6,256GB,verizon,flawless,$257.30,$379.99
GALAXY Z FLIP 6,256GB,verizon,good,$222.00,$379.99
GALAXY Z FLIP 6,256GB,verizon,fair,$132.00,$379.99
GALAXY Z FLIP 6,256GB,verizon,damaged,$42.00,$379.99
GALAXY Z FLIP 6,256GB,tmobile,flawless,$257.30,$379.99
GALAXY Z FLIP 6,256GB,tmobile,good,$226.00,$379.99
GALAXY Z FLIP 6,256GB,tmobile,fair,$181.00,$379.99
GALAXY Z FLIP 6,256GB,tmobile,damaged,$44.00,$379.99
GALAXY Z FLIP 6,256GB,unlocked,flawless,$257.30,$399.99
GALAXY Z FLIP 6,256GB,unlocked,good,$257.30,$399.99
GALAXY Z FLIP 6,256GB,unlocked,fair,$233.00,$399.99
GALAXY Z FLIP 6,256GB,unlocked,damaged,$62.00,$399.99
GALAXY Z FLIP 6,512GB,att,flawless,$257.30,$439.99
GALAXY Z FLIP 6,512GB,att,good,$235.00,$439.99
GALAXY Z FLIP 6,512GB,att,fair,$190.00,$439.99
GALAXY Z FLIP 6,512GB,att,damaged,$46.00,$439.99
GALAXY Z FLIP 6,512GB,verizon,flawless,$257.30,$439.99
GALAXY Z FLIP 6,512GB,verizon,good,$222.00,$439.99
GALAXY Z FLIP 6,512GB,verizon,fair,$132.00,$439.99
GALAXY Z FLIP 6,512GB,verizon,damaged,$42.00,$439.99
GALAXY Z FLIP 6,512GB,tmobile,flawless,$257.30,$439.99
GALAXY Z FLIP 6,512GB,tmobile,good,$226.00,$439.99
GALAXY Z FLIP 6,512GB,tmobile,fair,$181.00,$439.99
GALAXY Z FLIP 6,512GB,tmobile,damaged,$44.00,$439.99
GALAXY Z FLIP 6,512GB,unlocked,flawless,$257.30,$459.99
GALAXY Z FLIP 6,512GB,unlocked,good,$257.30,$459.99
GALAXY Z FLIP 6,512GB,unlocked,fair,$233.00,$459.99
GALAXY Z FLIP 6,512GB,unlocked,damaged,$62.00,$459.99
GALAXY Z FOLD 4,256GB,att,flawless,$252.00,$379.99
GALAXY Z FOLD 4,256GB,att,good,$221.00,$379.99
GALAXY Z FOLD 4,256GB,att,fair,$157.00,$379.99
GALAXY Z FOLD 4,256GB,att,damaged,$61.00,$379.99
GALAXY Z FOLD 4,256GB,verizon,flawless,$256.00,$379.99
GALAXY Z FOLD 4,256GB,verizon,good,$206.00,$379.99
GALAXY Z FOLD 4,256GB,verizon,fair,$140.00,$379.99
GALAXY Z FOLD 4,256GB,verizon,damaged,$46.00,$379.99
GALAXY Z FOLD 4,256GB,tmobile,flawless,$252.00,$379.99
GALAXY Z FOLD 4,256GB,tmobile,good,$221.00,$379.99
GALAXY Z FOLD 4,256GB,tmobile,fair,$157.00,$379.99
GALAXY Z FOLD 4,256GB,tmobile,damaged,$41.00,$379.99
GALAXY Z FOLD 4,256GB,unlocked,flawless,$279.48,$399.99
GALAXY Z FOLD 4,256GB,unlocked,good,$251.00,$399.99
GALAXY Z FOLD 4,256GB,unlocked,fair,$187.00,$399.99
GALAXY Z FOLD 4,256GB,unlocked,damaged,$71.00,$399.99
GALAXY Z FOLD 4,512GB,att,flawless,$252.00,$379.99
GALAXY Z FOLD 4,512GB,att,good,$221.00,$379.99
GALAXY Z FOLD 4,512GB,att,fair,$157.00,$379.99
GALAXY Z FOLD 4,512GB,att,damaged,$61.00,$379.99
GALAXY Z FOLD 4,512GB,verizon,flawless,$256.00,$379.99
GALAXY Z FOLD 4,512GB,verizon,good,$206.00,$379.99
GALAXY Z FOLD 4,512GB,verizon,fair,$140.00,$379.99
GALAXY Z FOLD 4,512GB,verizon,damaged,$46.00,$379.99
GALAXY Z FOLD 4,512GB,tmobile,flawless,$252.00,$379.99
GALAXY Z FOLD 4,512GB,tmobile,good,$221.00,$379.99
GALAXY Z FOLD 4,512GB,tmobile,fair,$157.00,$379.99
GALAXY Z FOLD 4,512GB,tmobile,damaged,$41.00,$379.99
GALAXY Z FOLD 4,512GB,unlocked,flawless,$279.48,$399.99
GALAXY Z FOLD 4,512GB,unlocked,good,$251.00,$399.99
GALAXY Z FOLD 4,512GB,unlocked,fair,$187.00,$399.99
GALAXY Z FOLD 4,512GB,unlocked,damaged,$71.00,$399.99
GALAXY Z FOLD 4,1TB,att,flawless,$252.00,$477.49
GALAXY Z FOLD 4,1TB,att,good,$221.00,$477.49
GALAXY Z FOLD 4,1TB,att,fair,$157.00,$477.49
GALAXY Z FOLD 4,1TB,att,damaged,$61.00,$477.49
GALAXY Z FOLD 4,1TB,verizon,flawless,$256.00,$477.49
GALAXY Z FOLD 4,1TB,verizon,good,$206.00,$477.49
GALAXY Z FOLD 4,1TB,verizon,fair,$140.00,$477.49
GALAXY Z FOLD 4,1TB,verizon,damaged,$46.00,$477.49
GALAXY Z FOLD 4,1TB,tmobile,flawless,$252.00,$477.49
GALAXY Z FOLD 4,1TB,tmobile,good,$221.00,$477.49
GALAXY Z FOLD 4,1TB,tmobile,fair,$157.00,$477.49
GALAXY Z FOLD 4,1TB,tmobile,damaged,$41.00,$477.49
GALAXY Z FOLD 4,1TB,unlocked,flawless,$279.48,$497.49
GALAXY Z FOLD 4,1TB,unlocked,good,$251.00,$497.49
GALAXY Z FOLD 4,1TB,unlocked,fair,$187.00,$497.49
GALAXY Z FOLD 4,1TB,unlocked,damaged,$71.00,$497.49
GALAXY Z FOLD 5,256GB,att,flawless,$332.00,$449.99
GALAXY Z FOLD 5,256GB,att,good,$288.00,$449.99
GALAXY Z FOLD 5,256GB,att,fair,$202.00,$449.99
GALAXY Z FOLD 5,256GB,att,damaged,$96.00,$449.99
GALAXY Z FOLD 5,256GB,verizon,flawless,$331.48,$449.99
GALAXY Z FOLD 5,256GB,verizon,good,$291.00,$449.99
GALAXY Z FOLD 5,256GB,verizon,fair,$199.00,$449.99
GALAXY Z FOLD 5,256GB,verizon,damaged,$96.00,$449.99
GALAXY Z FOLD 5,256GB,tmobile,flawless,$287.00,$449.99
GALAXY Z FOLD 5,256GB,tmobile,good,$248.00,$449.99
GALAXY Z FOLD 5,256GB,tmobile,fair,$217.00,$449.99
GALAXY Z FOLD 5,256GB,tmobile,damaged,$81.00,$449.99
GALAXY Z FOLD 5,256GB,unlocked,flawless,$331.48,$469.99
GALAXY Z FOLD 5,256GB,unlocked,good,$331.48,$469.99
GALAXY Z FOLD 5,256GB,unlocked,fair,$303.00,$469.99
GALAXY Z FOLD 5,256GB,unlocked,damaged,$106.00,$469.99
GALAXY Z FOLD 5,512GB,att,flawless,$332.00,$559.97
GALAXY Z FOLD 5,512GB,att,good,$288.00,$559.97
GALAXY Z FOLD 5,512GB,att,fair,$202.00,$559.97
GALAXY Z FOLD 5,512GB,att,damaged,$96.00,$559.97
GALAXY Z FOLD 5,512GB,verizon,flawless,$331.48,$559.97
GALAXY Z FOLD 5,512GB,verizon,good,$291.00,$559.97
GALAXY Z FOLD 5,512GB,verizon,fair,$199.00,$559.97
GALAXY Z FOLD 5,512GB,verizon,damaged,$96.00,$559.97
GALAXY Z FOLD 5,512GB,tmobile,flawless,$287.00,$559.97
GALAXY Z FOLD 5,512GB,tmobile,good,$248.00,$559.97
GALAXY Z FOLD 5,512GB,tmobile,fair,$217.00,$559.97
GALAXY Z FOLD 5,512GB,tmobile,damaged,$81.00,$559.97
GALAXY Z FOLD 5,512GB,unlocked,flawless,$331.48,$579.97
GALAXY Z FOLD 5,512GB,unlocked,good,$331.48,$579.97
GALAXY Z FOLD 5,512GB,unlocked,fair,$303.00,$579.97
GALAXY Z FOLD 5,512GB,unlocked,damaged,$106.00,$579.97
GALAXY Z FOLD 5,1TB,att,flawless,$332.00,$639.99
GALAXY Z FOLD 5,1TB,att,good,$288.00,$639.99
GALAXY Z FOLD 5,1TB,att,fair,$202.00,$639.99
GALAXY Z FOLD 5,1TB,att,damaged,$96.00,$639.99
GALAXY Z FOLD 5,1TB,verizon,flawless,$331.48,$639.99
GALAXY Z FOLD 5,1TB,verizon,good,$291.00,$639.99
GALAXY Z FOLD 5,1TB,verizon,fair,$199.00,$639.99
GALAXY Z FOLD 5,1TB,verizon,damaged,$96.00,$639.99
GALAXY Z FOLD 5,1TB,tmobile,flawless,$287.00,$639.99
GALAXY Z FOLD 5,1TB,tmobile,good,$248.00,$639.99
GALAXY Z FOLD 5,1TB,tmobile,fair,$217.00,$639.99
GALAXY Z FOLD 5,1TB,tmobile,damaged,$81.00,$639.99
GALAXY Z FOLD 5,1TB,unlocked,flawless,$331.48,$659.99
GALAXY Z FOLD 5,1TB,unlocked,good,$331.48,$659.99
GALAXY Z FOLD 5,1TB,unlocked,fair,$303.00,$659.99
GALAXY Z FOLD 5,1TB,unlocked,damaged,$106.00,$659.99
GALAXY Z FOLD 6,256GB,att,flawless,$452.00,$609.99
GALAXY Z FOLD 6,256GB,att,good,$395.00,$609.99
GALAXY Z FOLD 6,256GB,att,fair,$307.00,$609.99
GALAXY Z FOLD 6,256GB,att,damaged,$142.00,$609.99
GALAXY Z FOLD 6,256GB,verizon,flawless,$458.00,$609.99
GALAXY Z FOLD 6,256GB,verizon,good,$400.00,$609.99
GALAXY Z FOLD 6,256GB,verizon,fair,$236.00,$609.99
GALAXY Z FOLD 6,256GB,verizon,damaged,$151.00,$609.99
GALAXY Z FOLD 6,256GB,tmobile,flawless,$452.00,$609.99
GALAXY Z FOLD 6,256GB,tmobile,good,$359.00,$609.99
GALAXY Z FOLD 6,256GB,tmobile,fair,$257.00,$609.99
GALAXY Z FOLD 6,256GB,tmobile,damaged,$141.00,$609.99
GALAXY Z FOLD 6,256GB,unlocked,flawless,$551.48,$629.99
GALAXY Z FOLD 6,256GB,unlocked,good,$481.00,$629.99
GALAXY Z FOLD 6,256GB,unlocked,fair,$407.00,$629.99
GALAXY Z FOLD 6,256GB,unlocked,damaged,$172.00,$629.99
GALAXY Z FOLD 6,512GB,att,flawless,$452.00,$647.01
GALAXY Z FOLD 6,512GB,att,good,$395.00,$647.01
GALAXY Z FOLD 6,512GB,att,fair,$307.00,$647.01
GALAXY Z FOLD 6,512GB,att,damaged,$142.00,$647.01
GALAXY Z FOLD 6,512GB,verizon,flawless,$458.00,$647.01
GALAXY Z FOLD 6,512GB,verizon,good,$400.00,$647.01
GALAXY Z FOLD 6,512GB,verizon,fair,$236.00,$647.01
GALAXY Z FOLD 6,512GB,verizon,damaged,$151.00,$647.01
GALAXY Z FOLD 6,512GB,tmobile,flawless,$452.00,$647.01
GALAXY Z FOLD 6,512GB,tmobile,good,$359.00,$647.01
GALAXY Z FOLD 6,512GB,tmobile,fair,$257.00,$647.01
GALAXY Z FOLD 6,512GB,tmobile,damaged,$141.00,$647.01
GALAXY Z FOLD 6,512GB,unlocked,flawless,$551.48,$667.01
GALAXY Z FOLD 6,512GB,unlocked,good,$481.00,$667.01
GALAXY Z FOLD 6,512GB,unlocked,fair,$407.00,$667.01
GALAXY Z FOLD 6,512GB,unlocked,damaged,$172.00,$667.01
GALAXY Z FOLD 6,1TB,att,flawless,$452.00,$697.98
GALAXY Z FOLD 6,1TB,att,good,$395.00,$697.98
GALAXY Z FOLD 6,1TB,att,fair,$307.00,$697.98
GALAXY Z FOLD 6,1TB,att,damaged,$142.00,$697.98
GALAXY Z FOLD 6,1TB,verizon,flawless,$458.00,$697.98
GALAXY Z FOLD 6,1TB,verizon,good,$400.00,$697.98
GALAXY Z FOLD 6,1TB,verizon,fair,$236.00,$697.98
GALAXY Z FOLD 6,1TB,verizon,damaged,$151.00,$697.98
GALAXY Z FOLD 6,1TB,tmobile,flawless,$452.00,$697.98
GALAXY Z FOLD 6,1TB,tmobile,good,$359.00,$697.98
GALAXY Z FOLD 6,1TB,tmobile,fair,$257.00,$697.98
GALAXY Z FOLD 6,1TB,tmobile,damaged,$141.00,$697.98
GALAXY Z FOLD 6,1TB,unlocked,flawless,$551.48,$717.98
GALAXY Z FOLD 6,1TB,unlocked,good,$481.00,$717.98
GALAXY Z FOLD 6,1TB,unlocked,fair,$407.00,$717.98
GALAXY Z FOLD 6,1TB,unlocked,damaged,$172.00,$717.98
IPHONE 12 PRO,128GB,att,flawless,$168.98,$249.00
IPHONE 12 PRO,128GB,att,good,$168.98,$249.00
IPHONE 12 PRO,128GB,att,fair,$122.00,$249.00
IPHONE 12 PRO,128GB,att,damaged,$92.00,$249.00
IPHONE 12 PRO,128GB,verizon,flawless,$168.98,$249.00
IPHONE 12 PRO,128GB,verizon,good,$167.00,$249.00
IPHONE 12 PRO,128GB,verizon,fair,$114.00,$249.00
IPHONE 12 PRO,128GB,verizon,damaged,$92.00,$249.00
IPHONE 12 PRO,128GB,tmobile,flawless,$168.98,$249.00
IPHONE 12 PRO,128GB,tmobile,good,$167.00,$249.00
IPHONE 12 PRO,128GB,tmobile,fair,$106.00,$249.00
IPHONE 12 PRO,128GB,tmobile,damaged,$92.00,$249.00
IPHONE 12 PRO,128GB,unlocked,flawless,$168.98,$269.00
IPHONE 12 PRO,128GB,unlocked,good,$168.98,$269.00
IPHONE 12 PRO,128GB,unlocked,fair,$126.00,$269.00
IPHONE 12 PRO,128GB,unlocked,damaged,$92.00,$269.00
IPHONE 12 PRO,256GB,att,flawless,$180.02,$259.00
IPHONE 12 PRO,256GB,att,good,$180.02,$259.00
IPHONE 12 PRO,256GB,att,fair,$162.00,$259.00
IPHONE 12 PRO,256GB,att,damaged,$92.00,$259.00
IPHONE 12 PRO,256GB,verizon,flawless,$180.02,$259.00
IPHONE 12 PRO,256GB,verizon,good,$180.02,$259.00
IPHONE 12 PRO,256GB,verizon,fair,$142.00,$259.00
IPHONE 12 PRO,256GB,verizon,damaged,$92.00,$259.00
IPHONE 12 PRO,256GB,tmobile,flawless,$180.02,$259.00
IPHONE 12 PRO,256GB,tmobile,good,$180.02,$259.00
IPHONE 12 PRO,256GB,tmobile,fair,$132.00,$259.00
IPHONE 12 PRO,256GB,tmobile,damaged,$92.00,$259.00
IPHONE 12 PRO,256GB,unlocked,flawless,$180.02,$279.00
IPHONE 12 PRO,256GB,unlocked,good,$180.02,$279.00
IPHONE 12 PRO,256GB,unlocked,fair,$162.00,$279.00
IPHONE 12 PRO,256GB,unlocked,damaged,$96.00,$279.00
IPHONE 12 PRO,512GB,att,flawless,$209.46,$279.99
IPHONE 12 PRO,512GB,att,good,$209.46,$279.99
IPHONE 12 PRO,512GB,att,fair,$162.00,$279.99
IPHONE 12 PRO,512GB,att,damaged,$92.00,$279.99
IPHONE 12 PRO,512GB,verizon,flawless,$209.46,$279.99
IPHONE 12 PRO,512GB,verizon,good,$210.00,$279.99
IPHONE 12 PRO,512GB,verizon,fair,$152.00,$279.99
IPHONE 12 PRO,512GB,verizon,damaged,$92.00,$279.99
IPHONE 12 PRO,512GB,tmobile,flawless,$209.46,$279.99
IPHONE 12 PRO,512GB,tmobile,good,$203.00,$279.99
IPHONE 12 PRO,512GB,tmobile,fair,$132.00,$279.99
IPHONE 12 PRO,512GB,tmobile,damaged,$92.00,$279.99
IPHONE 12 PRO,512GB,unlocked,flawless,$209.46,$299.99
IPHONE 12 PRO,512GB,unlocked,good,$209.46,$299.99
IPHONE 12 PRO,512GB,unlocked,fair,$162.00,$299.99
IPHONE 12 PRO,512GB,unlocked,damaged,$115.00,$299.99
IPHONE 12 PRO MAX,128GB,att,flawless,$209.46,$298.95
IPHONE 12 PRO MAX,128GB,att,good,$210.00,$298.95
IPHONE 12 PRO MAX,128GB,att,fair,$133.00,$298.95
IPHONE 12 PRO MAX,128GB,att,damaged,$112.00,$298.95
IPHONE 12 PRO MAX,128GB,verizon,flawless,$209.46,$298.95
IPHONE 12 PRO MAX,128GB,verizon,good,$209.46,$298.95
IPHONE 12 PRO MAX,128GB,verizon,fair,$149.00,$298.95
IPHONE 12 PRO MAX,128GB,verizon,damaged,$112.00,$298.95
IPHONE 12 PRO MAX,128GB,tmobile,flawless,$209.46,$298.95
IPHONE 12 PRO MAX,128GB,tmobile,good,$206.00,$298.95
IPHONE 12 PRO MAX,128GB,tmobile,fair,$133.00,$298.95
IPHONE 12 PRO MAX,128GB,tmobile,damaged,$112.00,$298.95
IPHONE 12 PRO MAX,128GB,unlocked,flawless,$209.46,$318.95
IPHONE 12 PRO MAX,128GB,unlocked,good,$209.46,$318.95
IPHONE 12 PRO MAX,128GB,unlocked,fair,$167.00,$318.95
IPHONE 12 PRO MAX,128GB,unlocked,damaged,$112.00,$318.95
IPHONE 12 PRO MAX,256GB,att,flawless,$231.54,$298.48
IPHONE 12 PRO MAX,256GB,att,good,$231.00,$298.48
IPHONE 12 PRO MAX,256GB,att,fair,$148.00,$298.48
IPHONE 12 PRO MAX,256GB,att,damaged,$112.00,$298.48
IPHONE 12 PRO MAX,256GB,verizon,flawless,$231.54,$298.48
IPHONE 12 PRO MAX,256GB,verizon,good,$231.54,$298.48
IPHONE 12 PRO MAX,256GB,verizon,fair,$167.00,$298.48
IPHONE 12 PRO MAX,256GB,verizon,damaged,$112.00,$298.48
IPHONE 12 PRO MAX,256GB,tmobile,flawless,$231.54,$298.48
IPHONE 12 PRO MAX,256GB,tmobile,good,$231.00,$298.48
IPHONE 12 PRO MAX,256GB,tmobile,fair,$148.00,$298.48
IPHONE 12 PRO MAX,256GB,tmobile,damaged,$112.00,$298.48
IPHONE 12 PRO MAX,256GB,unlocked,flawless,$231.54,$318.48
IPHONE 12 PRO MAX,256GB,unlocked,good,$231.54,$318.48
IPHONE 12 PRO MAX,256GB,unlocked,fair,$187.00,$318.48
IPHONE 12 PRO MAX,256GB,unlocked,damaged,$125.00,$318.48
IPHONE 12 PRO MAX,512GB,att,flawless,$238.90,$379.99
IPHONE 12 PRO MAX,512GB,att,good,$238.90,$379.99
IPHONE 12 PRO MAX,512GB,att,fair,$162.00,$379.99
IPHONE 12 PRO MAX,512GB,att,damaged,$112.00,$379.99
IPHONE 12 PRO MAX,512GB,verizon,flawless,$238.90,$379.99
IPHONE 12 PRO MAX,512GB,verizon,good,$238.90,$379.99
IPHONE 12 PRO MAX,512GB,verizon,fair,$182.00,$379.99
IPHONE 12 PRO MAX,512GB,verizon,damaged,$112.00,$379.99
IPHONE 12 PRO MAX,512GB,tmobile,flawless,$238.90,$379.99
IPHONE 12 PRO MAX,512GB,tmobile,good,$238.90,$379.99
IPHONE 12 PRO MAX,512GB,tmobile,fair,$162.00,$379.99
IPHONE 12 PRO MAX,512GB,tmobile,damaged,$112.00,$379.99
IPHONE 12 PRO MAX,512GB,unlocked,flawless,$238.90,$399.99
IPHONE 12 PRO MAX,512GB,unlocked,good,$238.90,$399.99
IPHONE 12 PRO MAX,512GB,unlocked,fair,$202.00,$399.99
IPHONE 12 PRO MAX,512GB,unlocked,damaged,$145.00,$399.99
IPHONE 13,128GB,att,flawless,$180.02,$244.00
IPHONE 13,128GB,att,good,$180.02,$244.00
IPHONE 13,128GB,att,fair,$122.00,$244.00
IPHONE 13,128GB,att,damaged,$63.00,$244.00
IPHONE 13,128GB,verizon,flawless,$180.02,$244.00
IPHONE 13,128GB,verizon,good,$181.00,$244.00
IPHONE 13,128GB,verizon,fair,$119.00,$244.00
IPHONE 13,128GB,verizon,damaged,$62.00,$244.00
IPHONE 13,128GB,tmobile,flawless,$180.02,$244.00
IPHONE 13,128GB,tmobile,good,$180.00,$244.00
IPHONE 13,128GB,tmobile,fair,$119.00,$244.00
IPHONE 13,128GB,tmobile,damaged,$61.00,$244.00
IPHONE 13,128GB,unlocked,flawless,$180.02,$264.00
IPHONE 13,128GB,unlocked,good,$180.02,$264.00
IPHONE 13,128GB,unlocked,fair,$126.00,$264.00
IPHONE 13,128GB,unlocked,damaged,$76.00,$264.00
IPHONE 13,256GB,att,flawless,$198.42,$283.90
IPHONE 13,256GB,att,good,$198.42,$283.90
IPHONE 13,256GB,att,fair,$134.00,$283.90
IPHONE 13,256GB,att,damaged,$69.00,$283.90
IPHONE 13,256GB,verizon,flawless,$198.42,$283.90
IPHONE 13,256GB,verizon,good,$189.00,$283.90
IPHONE 13,256GB,verizon,fair,$124.00,$283.90
IPHONE 13,256GB,verizon,damaged,$66.00,$283.90
IPHONE 13,256GB,tmobile,flawless,$198.42,$283.90
IPHONE 13,256GB,tmobile,good,$198.42,$283.90
IPHONE 13,256GB,tmobile,fair,$124.00,$283.90
IPHONE 13,256GB,tmobile,damaged,$66.00,$283.90
IPHONE 13,256GB,unlocked,flawless,$198.42,$303.90
IPHONE 13,256GB,unlocked,good,$198.42,$303.90
IPHONE 13,256GB,unlocked,fair,$151.00,$303.90
IPHONE 13,256GB,unlocked,damaged,$103.00,$303.90
IPHONE 13,512GB,att,flawless,$235.22,$319.00
IPHONE 13,512GB,att,good,$203.00,$319.00
IPHONE 13,512GB,att,fair,$148.00,$319.00
IPHONE 13,512GB,att,damaged,$86.00,$319.00
IPHONE 13,512GB,verizon,flawless,$235.22,$319.00
IPHONE 13,512GB,verizon,good,$226.00,$319.00
IPHONE 13,512GB,verizon,fair,$148.00,$319.00
IPHONE 13,512GB,verizon,damaged,$86.00,$319.00
IPHONE 13,512GB,tmobile,flawless,$235.22,$319.00
IPHONE 13,512GB,tmobile,good,$222.00,$319.00
IPHONE 13,512GB,tmobile,fair,$148.00,$319.00
IPHONE 13,512GB,tmobile,damaged,$86.00,$319.00
IPHONE 13,512GB,unlocked,flawless,$235.22,$339.00
IPHONE 13,512GB,unlocked,good,$235.22,$339.00
IPHONE 13,512GB,unlocked,fair,$166.00,$339.00
IPHONE 13,512GB,unlocked,damaged,$133.00,$339.00
IPHONE 13 MINI,128GB,att,flawless,$143.22,$212.00
IPHONE 13 MINI,128GB,att,good,$136.00,$212.00
IPHONE 13 MINI,128GB,att,fair,$83.00,$212.00
IPHONE 13 MINI,128GB,att,damaged,$48.00,$212.00
IPHONE 13 MINI,128GB,verizon,flawless,$138.00,$212.00
IPHONE 13 MINI,128GB,verizon,good,$110.00,$212.00
IPHONE 13 MINI,128GB,verizon,fair,$76.00,$212.00
IPHONE 13 MINI,128GB,verizon,damaged,$44.00,$212.00
IPHONE 13 MINI,128GB,tmobile,flawless,$143.22,$212.00
IPHONE 13 MINI,128GB,tmobile,good,$136.00,$212.00
IPHONE 13 MINI,128GB,tmobile,fair,$83.00,$212.00
IPHONE 13 MINI,128GB,tmobile,damaged,$57.00,$212.00
IPHONE 13 MINI,128GB,unlocked,flawless,$143.22,$232.00
IPHONE 13 MINI,128GB,unlocked,good,$143.22,$232.00
IPHONE 13 MINI,128GB,unlocked,fair,$107.00,$232.00
IPHONE 13 MINI,128GB,unlocked,damaged,$59.00,$232.00
IPHONE 13 MINI,256GB,att,flawless,$180.02,$265.91
IPHONE 13 MINI,256GB,att,good,$168.00,$265.91
IPHONE 13 MINI,256GB,att,fair,$107.00,$265.91
IPHONE 13 MINI,256GB,att,damaged,$53.00,$265.91
IPHONE 13 MINI,256GB,verizon,flawless,$181.00,$265.91
IPHONE 13 MINI,256GB,verizon,good,$152.00,$265.91
IPHONE 13 MINI,256GB,verizon,fair,$107.00,$265.91
IPHONE 13 MINI,256GB,verizon,damaged,$48.00,$265.91
IPHONE 13 MINI,256GB,tmobile,flawless,$180.02,$265.91
IPHONE 13 MINI,256GB,tmobile,good,$168.00,$265.91
IPHONE 13 MINI,256GB,tmobile,fair,$103.00,$265.91
IPHONE 13 MINI,256GB,tmobile,damaged,$77.00,$265.91
IPHONE 13 MINI,256GB,unlocked,flawless,$180.02,$285.91
IPHONE 13 MINI,256GB,unlocked,good,$180.02,$285.91
IPHONE 13 MINI,256GB,unlocked,fair,$147.00,$285.91
IPHONE 13 MINI,256GB,unlocked,damaged,$77.00,$285.91
IPHONE 13 MINI,512GB,att,flawless,$216.00,$423.84
IPHONE 13 MINI,512GB,att,good,$189.00,$423.84
IPHONE 13 MINI,512GB,att,fair,$122.00,$423.84
IPHONE 13 MINI,512GB,att,damaged,$62.00,$423.84
IPHONE 13 MINI,512GB,verizon,flawless,$197.00,$423.84
IPHONE 13 MINI,512GB,verizon,good,$161.00,$423.84
IPHONE 13 MINI,512GB,verizon,fair,$122.00,$423.84
IPHONE 13 MINI,512GB,verizon,damaged,$62.00,$423.84
IPHONE 13 MINI,512GB,tmobile,flawless,$216.00,$423.84
IPHONE 13 MINI,512GB,tmobile,good,$189.00,$423.84
IPHONE 13 MINI,512GB,tmobile,fair,$115.00,$423.84
IPHONE 13 MINI,512GB,tmobile,damaged,$97.00,$423.84
IPHONE 13 MINI,512GB,unlocked,flawless,$238.90,$443.84
IPHONE 13 MINI,512GB,unlocked,good,$221.00,$443.84
IPHONE 13 MINI,512GB,unlocked,fair,$162.00,$443.84
IPHONE 13 MINI,512GB,unlocked,damaged,$77.00,$443.84
IPHONE 13 PRO,128GB,att,flawless,$238.90,$318.75
IPHONE 13 PRO,128GB,att,good,$238.90,$318.75
IPHONE 13 PRO,128GB,att,fair,$161.00,$318.75
IPHONE 13 PRO,128GB,att,damaged,$132.00,$318.75
IPHONE 13 PRO,128GB,verizon,flawless,$238.90,$318.75
IPHONE 13 PRO,128GB,verizon,good,$238.90,$318.75
IPHONE 13 PRO,128GB,verizon,fair,$161.00,$318.75
IPHONE 13 PRO,128GB,verizon,damaged,$132.00,$318.75
IPHONE 13 PRO,128GB,tmobile,flawless,$238.90,$318.75
IPHONE 13 PRO,128GB,tmobile,good,$238.90,$318.75
IPHONE 13 PRO,128GB,tmobile,fair,$157.00,$318.75
IPHONE 13 PRO,128GB,tmobile,damaged,$132.00,$318.75
IPHONE 13 PRO,128GB,unlocked,flawless,$238.90,$338.75
IPHONE 13 PRO,128GB,unlocked,good,$238.90,$338.75
IPHONE 13 PRO,128GB,unlocked,fair,$170.00,$338.75
IPHONE 13 PRO,128GB,unlocked,damaged,$132.00,$338.75
IPHONE 13 PRO,256GB,att,flawless,$249.94,$345.06
IPHONE 13 PRO,256GB,att,good,$249.94,$345.06
IPHONE 13 PRO,256GB,att,fair,$180.00,$345.06
IPHONE 13 PRO,256GB,att,damaged,$132.00,$345.06
IPHONE 13 PRO,256GB,verizon,flawless,$249.94,$345.06
IPHONE 13 PRO,256GB,verizon,good,$249.94,$345.06
IPHONE 13 PRO,256GB,verizon,fair,$180.00,$345.06
IPHONE 13 PRO,256GB,verizon,damaged,$132.00,$345.06
IPHONE 13 PRO,256GB,tmobile,flawless,$249.94,$345.06
IPHONE 13 PRO,256GB,tmobile,good,$249.94,$345.06
IPHONE 13 PRO,256GB,tmobile,fair,$180.00,$345.06
IPHONE 13 PRO,256GB,tmobile,damaged,$132.00,$345.06
IPHONE 13 PRO,256GB,unlocked,flawless,$249.94,$365.06
IPHONE 13 PRO,256GB,unlocked,good,$249.94,$365.06
IPHONE 13 PRO,256GB,unlocked,fair,$192.00,$365.06
IPHONE 13 PRO,256GB,unlocked,damaged,$142.00,$365.06
IPHONE 13 PRO,512GB,att,flawless,$305.88,$379.00
IPHONE 13 PRO,512GB,att,good,$305.88,$379.00
IPHONE 13 PRO,512GB,att,fair,$193.00,$379.00
IPHONE 13 PRO,512GB,att,damaged,$132.00,$379.00
IPHONE 13 PRO,512GB,verizon,flawless,$305.88,$379.00
IPHONE 13 PRO,512GB,verizon,good,$305.88,$379.00
IPHONE 13 PRO,512GB,verizon,fair,$193.00,$379.00
IPHONE 13 PRO,512GB,verizon,damaged,$132.00,$379.00
IPHONE 13 PRO,512GB,tmobile,flawless,$305.88,$379.00
IPHONE 13 PRO,512GB,tmobile,good,$305.88,$379.00
IPHONE 13 PRO,512GB,tmobile,fair,$193.00,$379.00
IPHONE 13 PRO,512GB,tmobile,damaged,$132.00,$379.00
IPHONE 13 PRO,512GB,unlocked,flawless,$305.88,$399.00
IPHONE 13 PRO,512GB,unlocked,good,$305.88,$399.00
IPHONE 13 PRO,512GB,unlocked,fair,$216.00,$399.00
IPHONE 13 PRO,512GB,unlocked,damaged,$172.00,$399.00
IPHONE 13 PRO,1TB,att,flawless,$110.10,$404.97
IPHONE 13 PRO,1TB,att,good,$110.10,$404.97
IPHONE 13 PRO,1TB,att,fair,$92.71,$404.97
IPHONE 13 PRO,1TB,att,damaged,$75.32,$404.97
IPHONE 13 PRO,1TB,verizon,flawless,$110.10,$404.97
IPHONE 13 PRO,1TB,verizon,good,$110.10,$404.97
IPHONE 13 PRO,1TB,verizon,fair,$92.71,$404.97
IPHONE 13 PRO,1TB,verizon,damaged,$75.32,$404.97
IPHONE 13 PRO,1TB,tmobile,flawless,$110.10,$404.97
IPHONE 13 PRO,1TB,tmobile,good,$110.10,$404.97
IPHONE 13 PRO,1TB,tmobile,fair,$92.71,$404.97
IPHONE 13 PRO,1TB,tmobile,damaged,$75.32,$404.97
IPHONE 13 PRO,1TB,unlocked,flawless,$335.48,$424.97
IPHONE 13 PRO,1TB,unlocked,good,$335.48,$424.97
IPHONE 13 PRO,1TB,unlocked,fair,$227.00,$424.97
IPHONE 13 PRO,1TB,unlocked,damaged,$192.00,$424.97
IPHONE 13 PRO MAX,128GB,att,flawless,$268.34,$374.57
IPHONE 13 PRO MAX,128GB,att,good,$268.34,$374.57
IPHONE 13 PRO MAX,128GB,att,fair,$207.00,$374.57
IPHONE 13 PRO MAX,128GB,att,damaged,$127.00,$374.57
IPHONE 13 PRO MAX,128GB,verizon,flawless,$266.00,$374.57
IPHONE 13 PRO MAX,128GB,verizon,good,$242.00,$374.57
IPHONE 13 PRO MAX,128GB,verizon,fair,$167.00,$374.57
IPHONE 13 PRO MAX,128GB,verizon,damaged,$137.00,$374.57
IPHONE 13 PRO MAX,128GB,tmobile,flawless,$265.00,$374.57
IPHONE 13 PRO MAX,128GB,tmobile,good,$236.00,$374.57
IPHONE 13 PRO MAX,128GB,tmobile,fair,$143.00,$374.57
IPHONE 13 PRO MAX,128GB,tmobile,damaged,$102.00,$374.57
IPHONE 13 PRO MAX,128GB,unlocked,flawless,$268.34,$394.57
IPHONE 13 PRO MAX,128GB,unlocked,good,$268.34,$394.57
IPHONE 13 PRO MAX,128GB,unlocked,fair,$207.00,$394.57
IPHONE 13 PRO MAX,128GB,unlocked,damaged,$172.00,$394.57
IPHONE 13 PRO MAX,256GB,att,flawless,$299.48,$413.54
IPHONE 13 PRO MAX,256GB,att,good,$299.48,$413.54
IPHONE 13 PRO MAX,256GB,att,fair,$247.00,$413.54
IPHONE 13 PRO MAX,256GB,att,damaged,$143.00,$413.54
IPHONE 13 PRO MAX,256GB,verizon,flawless,$299.48,$413.54
IPHONE 13 PRO MAX,256GB,verizon,good,$299.48,$413.54
IPHONE 13 PRO MAX,256GB,verizon,fair,$199.00,$413.54
IPHONE 13 PRO MAX,256GB,verizon,damaged,$127.00,$413.54
IPHONE 13 PRO MAX,256GB,tmobile,flawless,$299.48,$413.54
IPHONE 13 PRO MAX,256GB,tmobile,good,$279.00,$413.54
IPHONE 13 PRO MAX,256GB,tmobile,fair,$172.00,$413.54
IPHONE 13 PRO MAX,256GB,tmobile,damaged,$117.00,$413.54
IPHONE 13 PRO MAX,256GB,unlocked,flawless,$299.48,$433.54
IPHONE 13 PRO MAX,256GB,unlocked,good,$299.48,$433.54
IPHONE 13 PRO MAX,256GB,unlocked,fair,$247.00,$433.54
IPHONE 13 PRO MAX,256GB,unlocked,damaged,$192.00,$433.54
IPHONE 13 PRO MAX,512GB,att,flawless,$335.48,$469.00
IPHONE 13 PRO MAX,512GB,att,good,$335.48,$469.00
IPHONE 13 PRO MAX,512GB,att,fair,$257.00,$469.00
IPHONE 13 PRO MAX,512GB,att,damaged,$182.00,$469.00
IPHONE 13 PRO MAX,512GB,verizon,flawless,$335.48,$469.00
IPHONE 13 PRO MAX,512GB,verizon,good,$313.00,$469.00
IPHONE 13 PRO MAX,512GB,verizon,fair,$211.00,$469.00
IPHONE 13 PRO MAX,512GB,verizon,damaged,$187.00,$469.00
IPHONE 13 PRO MAX,512GB,tmobile,flawless,$318.00,$469.00
IPHONE 13 PRO MAX,512GB,tmobile,good,$290.00,$469.00
IPHONE 13 PRO MAX,512GB,tmobile,fair,$182.00,$469.00
IPHONE 13 PRO MAX,512GB,tmobile,damaged,$137.00,$469.00
IPHONE 13 PRO MAX,512GB,unlocked,flawless,$335.48,$489.00
IPHONE 13 PRO MAX,512GB,unlocked,good,$335.48,$489.00
IPHONE 13 PRO MAX,512GB,unlocked,fair,$257.00,$489.00
IPHONE 13 PRO MAX,512GB,unlocked,damaged,$232.00,$489.00
IPHONE 13 PRO MAX,1TB,att,flawless,$399.48,$536.67
IPHONE 13 PRO MAX,1TB,att,good,$391.00,$536.67
IPHONE 13 PRO MAX,1TB,att,fair,$282.00,$536.67
IPHONE 13 PRO MAX,1TB,att,damaged,$202.00,$536.67
IPHONE 13 PRO MAX,1TB,verizon,flawless,$354.00,$536.67
IPHONE 13 PRO MAX,1TB,verizon,good,$326.00,$536.67
IPHONE 13 PRO MAX,1TB,verizon,fair,$226.00,$536.67
IPHONE 13 PRO MAX,1TB,verizon,damaged,$187.00,$536.67
IPHONE 13 PRO MAX,1TB,tmobile,flawless,$344.00,$536.67
IPHONE 13 PRO MAX,1TB,tmobile,good,$316.00,$536.67
IPHONE 13 PRO MAX,1TB,tmobile,fair,$207.00,$536.67
IPHONE 13 PRO MAX,1TB,tmobile,damaged,$167.00,$536.67
IPHONE 13 PRO MAX,1TB,unlocked,flawless,$399.48,$556.67
IPHONE 13 PRO MAX,1TB,unlocked,good,$391.00,$556.67
IPHONE 13 PRO MAX,1TB,unlocked,fair,$282.00,$556.67
IPHONE 13 PRO MAX,1TB,unlocked,damaged,$252.00,$556.67
IPHONE 14,128GB,att,flawless,$194.00,$273.99
IPHONE 14,128GB,att,good,$161.00,$273.99
IPHONE 14,128GB,att,fair,$106.00,$273.99
IPHONE 14,128GB,att,damaged,$74.00,$273.99
IPHONE 14,128GB,verizon,flawless,$179.00,$273.99
IPHONE 14,128GB,verizon,good,$156.00,$273.99
IPHONE 14,128GB,verizon,fair,$120.00,$273.99
IPHONE 14,128GB,verizon,damaged,$74.00,$273.99
IPHONE 14,128GB,tmobile,flawless,$163.00,$273.99
IPHONE 14,128GB,tmobile,good,$133.00,$273.99
IPHONE 14,128GB,tmobile,fair,$102.00,$273.99
IPHONE 14,128GB,tmobile,damaged,$74.00,$273.99
IPHONE 14,128GB,unlocked,flawless,$198.42,$293.99
IPHONE 14,128GB,unlocked,good,$199.00,$293.99
IPHONE 14,128GB,unlocked,fair,$149.00,$293.99
IPHONE 14,128GB,unlocked,damaged,$89.00,$293.99
IPHONE 14,256GB,att,flawless,$214.00,$329.00
IPHONE 14,256GB,att,good,$184.00,$329.00
IPHONE 14,256GB,att,fair,$119.00,$329.00
IPHONE 14,256GB,att,damaged,$109.00,$329.00
IPHONE 14,256GB,verizon,flawless,$203.00,$329.00
IPHONE 14,256GB,verizon,good,$183.00,$329.00
IPHONE 14,256GB,verizon,fair,$126.00,$329.00
IPHONE 14,256GB,verizon,damaged,$109.00,$329.00
IPHONE 14,256GB,tmobile,flawless,$188.00,$329.00
IPHONE 14,256GB,tmobile,good,$156.00,$329.00
IPHONE 14,256GB,tmobile,fair,$109.00,$329.00
IPHONE 14,256GB,tmobile,damaged,$97.00,$329.00
IPHONE 14,256GB,unlocked,flawless,$227.86,$349.00
IPHONE 14,256GB,unlocked,good,$227.86,$349.00
IPHONE 14,256GB,unlocked,fair,$177.00,$349.00
IPHONE 14,256GB,unlocked,damaged,$114.00,$349.00
IPHONE 14,512GB,att,flawless,$255.83,$389.65
IPHONE 14,512GB,att,good,$251.00,$389.65
IPHONE 14,512GB,att,fair,$191.00,$389.65
IPHONE 14,512GB,att,damaged,$110.00,$389.65
IPHONE 14,512GB,verizon,flawless,$255.83,$389.65
IPHONE 14,512GB,verizon,good,$236.00,$389.65
IPHONE 14,512GB,verizon,fair,$177.00,$389.65
IPHONE 14,512GB,verizon,damaged,$114.00,$389.65
IPHONE 14,512GB,tmobile,flawless,$231.00,$389.65
IPHONE 14,512GB,tmobile,good,$211.00,$389.65
IPHONE 14,512GB,tmobile,fair,$157.00,$389.65
IPHONE 14,512GB,tmobile,damaged,$97.00,$389.65
IPHONE 14,512GB,unlocked,flawless,$255.83,$409.65
IPHONE 14,512GB,unlocked,good,$255.83,$409.65
IPHONE 14,512GB,unlocked,fair,$231.00,$409.65
IPHONE 14,512GB,unlocked,damaged,$115.00,$409.65
IPHONE 14 PLUS,128GB,att,flawless,$213.14,$284.00
IPHONE 14 PLUS,128GB,att,good,$195.00,$284.00
IPHONE 14 PLUS,128GB,att,fair,$147.00,$284.00
IPHONE 14 PLUS,128GB,att,damaged,$122.00,$284.00
IPHONE 14 PLUS,128GB,verizon,flawless,$213.14,$284.00
IPHONE 14 PLUS,128GB,verizon,good,$211.00,$284.00
IPHONE 14 PLUS,128GB,verizon,fair,$152.00,$284.00
IPHONE 14 PLUS,128GB,verizon,damaged,$127.00,$284.00
IPHONE 14 PLUS,128GB,tmobile,flawless,$207.00,$284.00
IPHONE 14 PLUS,128GB,tmobile,good,$173.00,$284.00
IPHONE 14 PLUS,128GB,tmobile,fair,$127.00,$284.00
IPHONE 14 PLUS,128GB,tmobile,damaged,$103.00,$284.00
IPHONE 14 PLUS,128GB,unlocked,flawless,$213.14,$304.00
IPHONE 14 PLUS,128GB,unlocked,good,$213.14,$304.00
IPHONE 14 PLUS,128GB,unlocked,fair,$187.00,$304.00
IPHONE 14 PLUS,128GB,unlocked,damaged,$128.00,$304.00
IPHONE 14 PLUS,256GB,att,flawless,$238.90,$345.01
IPHONE 14 PLUS,256GB,att,good,$227.00,$345.01
IPHONE 14 PLUS,256GB,att,fair,$177.00,$345.01
IPHONE 14 PLUS,256GB,att,damaged,$133.00,$345.01
IPHONE 14 PLUS,256GB,verizon,flawless,$238.90,$345.01
IPHONE 14 PLUS,256GB,verizon,good,$238.90,$345.01
IPHONE 14 PLUS,256GB,verizon,fair,$162.00,$345.01
IPHONE 14 PLUS,256GB,verizon,damaged,$138.00,$345.01
IPHONE 14 PLUS,256GB,tmobile,flawless,$239.00,$345.01
IPHONE 14 PLUS,256GB,tmobile,good,$205.00,$345.01
IPHONE 14 PLUS,256GB,tmobile,fair,$147.00,$345.01
IPHONE 14 PLUS,256GB,tmobile,damaged,$113.00,$345.01
IPHONE 14 PLUS,256GB,unlocked,flawless,$238.90,$365.01
IPHONE 14 PLUS,256GB,unlocked,good,$238.90,$365.01
IPHONE 14 PLUS,256GB,unlocked,fair,$212.00,$365.01
IPHONE 14 PLUS,256GB,unlocked,damaged,$138.00,$365.01
IPHONE 14 PLUS,512GB,att,flawless,$268.34,$381.67
IPHONE 14 PLUS,512GB,att,good,$268.34,$381.67
IPHONE 14 PLUS,512GB,att,fair,$212.00,$381.67
IPHONE 14 PLUS,512GB,att,damaged,$143.00,$381.67
IPHONE 14 PLUS,512GB,verizon,flawless,$268.34,$381.67
IPHONE 14 PLUS,512GB,verizon,good,$268.34,$381.67
IPHONE 14 PLUS,512GB,verizon,fair,$187.00,$381.67
IPHONE 14 PLUS,512GB,verizon,damaged,$148.00,$381.67
IPHONE 14 PLUS,512GB,tmobile,flawless,$268.34,$381.67
IPHONE 14 PLUS,512GB,tmobile,good,$268.34,$381.67
IPHONE 14 PLUS,512GB,tmobile,fair,$182.00,$381.67
IPHONE 14 PLUS,512GB,tmobile,damaged,$123.00,$381.67
IPHONE 14 PLUS,512GB,unlocked,flawless,$268.34,$401.67
IPHONE 14 PLUS,512GB,unlocked,good,$268.34,$401.67
IPHONE 14 PLUS,512GB,unlocked,fair,$232.00,$401.67
IPHONE 14 PLUS,512GB,unlocked,damaged,$148.00,$401.67
IPHONE 14 PRO,128GB,att,flawless,$279.48,$363.00
IPHONE 14 PRO,128GB,att,good,$279.48,$363.00
IPHONE 14 PRO,128GB,att,fair,$170.00,$363.00
IPHONE 14 PRO,128GB,att,damaged,$139.00,$363.00
IPHONE 14 PRO,128GB,verizon,flawless,$279.48,$363.00
IPHONE 14 PRO,128GB,verizon,good,$277.00,$363.00
IPHONE 14 PRO,128GB,verizon,fair,$178.00,$363.00
IPHONE 14 PRO,128GB,verizon,damaged,$148.00,$363.00
IPHONE 14 PRO,128GB,tmobile,flawless,$273.00,$363.00
IPHONE 14 PRO,128GB,tmobile,good,$256.00,$363.00
IPHONE 14 PRO,128GB,tmobile,fair,$155.00,$363.00
IPHONE 14 PRO,128GB,tmobile,damaged,$132.00,$363.00
IPHONE 14 PRO,128GB,unlocked,flawless,$279.48,$383.00
IPHONE 14 PRO,128GB,unlocked,good,$279.48,$383.00
IPHONE 14 PRO,128GB,unlocked,fair,$227.00,$383.00
IPHONE 14 PRO,128GB,unlocked,damaged,$173.00,$383.00
IPHONE 14 PRO,256GB,att,flawless,$299.48,$399.00
IPHONE 14 PRO,256GB,att,good,$299.48,$399.00
IPHONE 14 PRO,256GB,att,fair,$196.00,$399.00
IPHONE 14 PRO,256GB,att,damaged,$145.00,$399.00
IPHONE 14 PRO,256GB,verizon,flawless,$299.48,$399.00
IPHONE 14 PRO,256GB,verizon,good,$299.48,$399.00
IPHONE 14 PRO,256GB,verizon,fair,$201.00,$399.00
IPHONE 14 PRO,256GB,verizon,damaged,$158.00,$399.00
IPHONE 14 PRO,256GB,tmobile,flawless,$299.48,$399.00
IPHONE 14 PRO,256GB,tmobile,good,$293.00,$399.00
IPHONE 14 PRO,256GB,tmobile,fair,$177.00,$399.00
IPHONE 14 PRO,256GB,tmobile,damaged,$147.00,$399.00
IPHONE 14 PRO,256GB,unlocked,flawless,$299.48,$419.00
IPHONE 14 PRO,256GB,unlocked,good,$299.48,$419.00
IPHONE 14 PRO,256GB,unlocked,fair,$257.00,$419.00
IPHONE 14 PRO,256GB,unlocked,damaged,$194.00,$419.00
IPHONE 14 PRO,512GB,att,flawless,$323.48,$419.95
IPHONE 14 PRO,512GB,att,good,$323.48,$419.95
IPHONE 14 PRO,512GB,att,fair,$209.00,$419.95
IPHONE 14 PRO,512GB,att,damaged,$152.00,$419.95
IPHONE 14 PRO,512GB,verizon,flawless,$323.48,$419.95
IPHONE 14 PRO,512GB,verizon,good,$323.48,$419.95
IPHONE 14 PRO,512GB,verizon,fair,$216.00,$419.95
IPHONE 14 PRO,512GB,verizon,damaged,$173.00,$419.95
IPHONE 14 PRO,512GB,tmobile,flawless,$323.48,$419.95
IPHONE 14 PRO,512GB,tmobile,good,$322.00,$419.95
IPHONE 14 PRO,512GB,tmobile,fair,$217.00,$419.95
IPHONE 14 PRO,512GB,tmobile,damaged,$151.00,$419.95
IPHONE 14 PRO,512GB,unlocked,flawless,$323.48,$439.95
IPHONE 14 PRO,512GB,unlocked,good,$323.48,$439.95
IPHONE 14 PRO,512GB,unlocked,fair,$297.00,$439.95
IPHONE 14 PRO,512GB,unlocked,damaged,$234.00,$439.95
IPHONE 14 PRO,1TB,att,flawless,$367.48,$449.95
IPHONE 14 PRO,1TB,att,good,$364.00,$449.95
IPHONE 14 PRO,1TB,att,fair,$226.00,$449.95
IPHONE 14 PRO,1TB,att,damaged,$154.00,$449.95
IPHONE 14 PRO,1TB,verizon,flawless,$367.48,$449.95
IPHONE 14 PRO,1TB,verizon,good,$364.00,$449.95
IPHONE 14 PRO,1TB,verizon,fair,$232.00,$449.95
IPHONE 14 PRO,1TB,verizon,damaged,$176.00,$449.95
IPHONE 14 PRO,1TB,tmobile,flawless,$367.48,$449.95
IPHONE 14 PRO,1TB,tmobile,good,$354.00,$449.95
IPHONE 14 PRO,1TB,tmobile,fair,$237.00,$449.95
IPHONE 14 PRO,1TB,tmobile,damaged,$163.00,$449.95
IPHONE 14 PRO,1TB,unlocked,flawless,$367.48,$469.95
IPHONE 14 PRO,1TB,unlocked,good,$367.48,$469.95
IPHONE 14 PRO,1TB,unlocked,fair,$316.00,$469.95
IPHONE 14 PRO,1TB,unlocked,damaged,$243.00,$469.95
IPHONE 14 PRO MAX,128GB,att,flawless,$327.00,$445.00
IPHONE 14 PRO MAX,128GB,att,good,$296.00,$445.00
IPHONE 14 PRO MAX,128GB,att,fair,$207.00,$445.00
IPHONE 14 PRO MAX,128GB,att,damaged,$173.00,$445.00
IPHONE 14 PRO MAX,128GB,verizon,flawless,$281.00,$445.00
IPHONE 14 PRO MAX,128GB,verizon,good,$255.00,$445.00
IPHONE 14 PRO MAX,128GB,verizon,fair,$187.00,$445.00
IPHONE 14 PRO MAX,128GB,verizon,damaged,$183.00,$445.00
IPHONE 14 PRO MAX,128GB,tmobile,flawless,$335.48,$445.00
IPHONE 14 PRO MAX,128GB,tmobile,good,$312.00,$445.00
IPHONE 14 PRO MAX,128GB,tmobile,fair,$222.00,$445.00
IPHONE 14 PRO MAX,128GB,tmobile,damaged,$173.00,$445.00
IPHONE 14 PRO MAX,128GB,unlocked,flawless,$335.48,$465.00
IPHONE 14 PRO MAX,128GB,unlocked,good,$335.48,$465.00
IPHONE 14 PRO MAX,128GB,unlocked,fair,$306.00,$465.00
IPHONE 14 PRO MAX,128GB,unlocked,damaged,$213.00,$465.00
IPHONE 14 PRO MAX,256GB,att,flawless,$343.48,$465.99
IPHONE 14 PRO MAX,256GB,att,good,$327.00,$465.99
IPHONE 14 PRO MAX,256GB,att,fair,$242.00,$465.99
IPHONE 14 PRO MAX,256GB,att,damaged,$193.00,$465.99
IPHONE 14 PRO MAX,256GB,verizon,flawless,$343.48,$465.99
IPHONE 14 PRO MAX,256GB,verizon,good,$290.00,$465.99
IPHONE 14 PRO MAX,256GB,verizon,fair,$202.00,$465.99
IPHONE 14 PRO MAX,256GB,verizon,damaged,$203.00,$465.99
IPHONE 14 PRO MAX,256GB,tmobile,flawless,$343.48,$465.99
IPHONE 14 PRO MAX,256GB,tmobile,good,$342.00,$465.99
IPHONE 14 PRO MAX,256GB,tmobile,fair,$257.00,$465.99
IPHONE 14 PRO MAX,256GB,tmobile,damaged,$193.00,$465.99
IPHONE 14 PRO MAX,256GB,unlocked,flawless,$343.48,$485.99
IPHONE 14 PRO MAX,256GB,unlocked,good,$343.48,$485.99
IPHONE 14 PRO MAX,256GB,unlocked,fair,$326.09,$485.99
IPHONE 14 PRO MAX,256GB,unlocked,damaged,$213.00,$485.99
IPHONE 14 PRO MAX,512GB,att,flawless,$377.00,$506.21
IPHONE 14 PRO MAX,512GB,att,good,$347.00,$506.21
IPHONE 14 PRO MAX,512GB,att,fair,$267.00,$506.21
IPHONE 14 PRO MAX,512GB,att,damaged,$213.00,$506.21
IPHONE 14 PRO MAX,512GB,verizon,flawless,$366.00,$506.21
IPHONE 14 PRO MAX,512GB,verizon,good,$320.00,$506.21
IPHONE 14 PRO MAX,512GB,verizon,fair,$224.00,$506.21
IPHONE 14 PRO MAX,512GB,verizon,damaged,$223.00,$506.21
IPHONE 14 PRO MAX,512GB,tmobile,flawless,$396.00,$506.21
IPHONE 14 PRO MAX,512GB,tmobile,good,$368.00,$506.21
IPHONE 14 PRO MAX,512GB,tmobile,fair,$272.00,$506.21
IPHONE 14 PRO MAX,512GB,tmobile,damaged,$213.00,$506.21
IPHONE 14 PRO MAX,512GB,unlocked,flawless,$407.48,$526.21
IPHONE 14 PRO MAX,512GB,unlocked,good,$407.48,$526.21
IPHONE 14 PRO MAX,512GB,unlocked,fair,$356.00,$526.21
IPHONE 14 PRO MAX,512GB,unlocked,damaged,$233.00,$526.21
IPHONE 14 PRO MAX,1TB,att,flawless,$407.48,$569.00
IPHONE 14 PRO MAX,1TB,att,good,$381.00,$569.00
IPHONE 14 PRO MAX,1TB,att,fair,$287.00,$569.00
IPHONE 14 PRO MAX,1TB,att,damaged,$213.00,$569.00
IPHONE 14 PRO MAX,1TB,verizon,flawless,$386.00,$569.00
IPHONE 14 PRO MAX,1TB,verizon,good,$340.00,$569.00
IPHONE 14 PRO MAX,1TB,verizon,fair,$252.00,$569.00
IPHONE 14 PRO MAX,1TB,verizon,damaged,$223.00,$569.00
IPHONE 14 PRO MAX,1TB,tmobile,flawless,$407.48,$569.00
IPHONE 14 PRO MAX,1TB,tmobile,good,$398.00,$569.00
IPHONE 14 PRO MAX,1TB,tmobile,fair,$302.00,$569.00
IPHONE 14 PRO MAX,1TB,tmobile,damaged,$213.00,$569.00
IPHONE 14 PRO MAX,1TB,unlocked,flawless,$407.48,$589.00
IPHONE 14 PRO MAX,1TB,unlocked,good,$407.48,$589.00
IPHONE 14 PRO MAX,1TB,unlocked,fair,$386.00,$589.00
IPHONE 14 PRO MAX,1TB,unlocked,damaged,$256.00,$589.00
IPHONE 15,128GB,att,flawless,$260.99,$359.66
IPHONE 15,128GB,att,good,$221.00,$359.66
IPHONE 15,128GB,att,fair,$167.00,$359.66
IPHONE 15,128GB,att,damaged,$138.00,$359.66
IPHONE 15,128GB,verizon,flawless,$282.00,$359.66
IPHONE 15,128GB,verizon,good,$236.00,$359.66
IPHONE 15,128GB,verizon,fair,$178.00,$359.66
IPHONE 15,128GB,verizon,damaged,$161.00,$359.66
IPHONE 15,128GB,tmobile,flawless,$251.00,$359.66
IPHONE 15,128GB,tmobile,good,$205.00,$359.66
IPHONE 15,128GB,tmobile,fair,$153.00,$359.66
IPHONE 15,128GB,tmobile,damaged,$126.00,$359.66
IPHONE 15,128GB,unlocked,flawless,$295.48,$379.66
IPHONE 15,128GB,unlocked,good,$295.48,$379.66
IPHONE 15,128GB,unlocked,fair,$266.00,$379.66
IPHONE 15,128GB,unlocked,damaged,$219.00,$379.66
IPHONE 15,256GB,att,flawless,$302.99,$430.83
IPHONE 15,256GB,att,good,$264.00,$430.83
IPHONE 15,256GB,att,fair,$207.00,$430.83
IPHONE 15,256GB,att,damaged,$163.00,$430.83
IPHONE 15,256GB,verizon,flawless,$324.00,$430.83
IPHONE 15,256GB,verizon,good,$271.00,$430.83
IPHONE 15,256GB,verizon,fair,$218.00,$430.83
IPHONE 15,256GB,verizon,damaged,$186.00,$430.83
IPHONE 15,256GB,tmobile,flawless,$274.00,$430.83
IPHONE 15,256GB,tmobile,good,$237.00,$430.83
IPHONE 15,256GB,tmobile,fair,$182.00,$430.83
IPHONE 15,256GB,tmobile,damaged,$136.00,$430.83
IPHONE 15,256GB,unlocked,flawless,$343.48,$450.83
IPHONE 15,256GB,unlocked,good,$343.48,$450.83
IPHONE 15,256GB,unlocked,fair,$306.00,$450.83
IPHONE 15,256GB,unlocked,damaged,$254.00,$450.83
IPHONE 15,512GB,att,flawless,$343.99,$489.95
IPHONE 15,512GB,att,good,$307.00,$489.95
IPHONE 15,512GB,att,fair,$247.00,$489.95
IPHONE 15,512GB,att,damaged,$173.00,$489.95
IPHONE 15,512GB,verizon,flawless,$365.00,$489.95
IPHONE 15,512GB,verizon,good,$314.00,$489.95
IPHONE 15,512GB,verizon,fair,$258.00,$489.95
IPHONE 15,512GB,verizon,damaged,$196.00,$489.95
IPHONE 15,512GB,tmobile,flawless,$319.00,$489.95
IPHONE 15,512GB,tmobile,good,$280.00,$489.95
IPHONE 15,512GB,tmobile,fair,$227.00,$489.95
IPHONE 15,512GB,tmobile,damaged,$146.00,$489.95
IPHONE 15,512GB,unlocked,flawless,$415.48,$509.95
IPHONE 15,512GB,unlocked,good,$407.00,$509.95
IPHONE 15,512GB,unlocked,fair,$346.00,$509.95
IPHONE 15,512GB,unlocked,damaged,$259.00,$509.95
IPHONE 15 PLUS,128GB,att,flawless,$276.99,$398.95
IPHONE 15 PLUS,128GB,att,good,$232.00,$398.95
IPHONE 15 PLUS,128GB,att,fair,$176.00,$398.95
IPHONE 15 PLUS,128GB,att,damaged,$174.00,$398.95
IPHONE 15 PLUS,128GB,verizon,flawless,$305.00,$398.95
IPHONE 15 PLUS,128GB,verizon,good,$259.00,$398.95
IPHONE 15 PLUS,128GB,verizon,fair,$189.00,$398.95
IPHONE 15 PLUS,128GB,verizon,damaged,$180.00,$398.95
IPHONE 15 PLUS,128GB,tmobile,flawless,$266.00,$398.95
IPHONE 15 PLUS,128GB,tmobile,good,$221.00,$398.95
IPHONE 15 PLUS,128GB,tmobile,fair,$168.00,$398.95
IPHONE 15 PLUS,128GB,tmobile,damaged,$157.00,$398.95
IPHONE 15 PLUS,128GB,unlocked,flawless,$319.48,$418.95
IPHONE 15 PLUS,128GB,unlocked,good,$319.48,$418.95
IPHONE 15 PLUS,128GB,unlocked,fair,$282.00,$418.95
IPHONE 15 PLUS,128GB,unlocked,damaged,$218.00,$418.95
IPHONE 15 PLUS,256GB,att,flawless,$310.99,$457.00
IPHONE 15 PLUS,256GB,att,good,$261.00,$457.00
IPHONE 15 PLUS,256GB,att,fair,$183.00,$457.00
IPHONE 15 PLUS,256GB,att,damaged,$183.00,$457.00
IPHONE 15 PLUS,256GB,verizon,flawless,$361.00,$457.00
IPHONE 15 PLUS,256GB,verizon,good,$291.00,$457.00
IPHONE 15 PLUS,256GB,verizon,fair,$214.00,$457.00
IPHONE 15 PLUS,256GB,verizon,damaged,$195.00,$457.00
IPHONE 15 PLUS,256GB,tmobile,flawless,$298.00,$457.00
IPHONE 15 PLUS,256GB,tmobile,good,$254.00,$457.00
IPHONE 15 PLUS,256GB,tmobile,fair,$172.00,$457.00
IPHONE 15 PLUS,256GB,tmobile,damaged,$157.00,$457.00
IPHONE 15 PLUS,256GB,unlocked,flawless,$363.48,$477.00
IPHONE 15 PLUS,256GB,unlocked,good,$363.48,$477.00
IPHONE 15 PLUS,256GB,unlocked,fair,$307.00,$477.00
IPHONE 15 PLUS,256GB,unlocked,damaged,$232.00,$477.00
IPHONE 15 PLUS,512GB,att,flawless,$408.99,$485.90
IPHONE 15 PLUS,512GB,att,good,$362.00,$485.90
IPHONE 15 PLUS,512GB,att,fair,$221.00,$485.90
IPHONE 15 PLUS,512GB,att,damaged,$203.00,$485.90
IPHONE 15 PLUS,512GB,verizon,flawless,$415.48,$485.90
IPHONE 15 PLUS,512GB,verizon,good,$370.00,$485.90
IPHONE 15 PLUS,512GB,verizon,fair,$259.00,$485.90
IPHONE 15 PLUS,512GB,verizon,damaged,$215.00,$485.90
IPHONE 15 PLUS,512GB,tmobile,flawless,$339.00,$485.90
IPHONE 15 PLUS,512GB,tmobile,good,$307.00,$485.90
IPHONE 15 PLUS,512GB,tmobile,fair,$202.00,$485.90
IPHONE 15 PLUS,512GB,tmobile,damaged,$177.00,$485.90
IPHONE 15 PLUS,512GB,unlocked,flawless,$415.48,$505.90
IPHONE 15 PLUS,512GB,unlocked,good,$415.48,$505.90
IPHONE 15 PLUS,512GB,unlocked,fair,$352.00,$505.90
IPHONE 15 PLUS,512GB,unlocked,damaged,$258.00,$505.90
IPHONE 15 PRO,128GB,att,flawless,$355.48,$449.00
IPHONE 15 PRO,128GB,att,good,$314.00,$449.00
IPHONE 15 PRO,128GB,att,fair,$207.00,$449.00
IPHONE 15 PRO,128GB,att,damaged,$208.00,$449.00
IPHONE 15 PRO,128GB,verizon,flawless,$355.48,$449.00
IPHONE 15 PRO,128GB,verizon,good,$355.48,$449.00
IPHONE 15 PRO,128GB,verizon,fair,$338.09,$449.00
IPHONE 15 PRO,128GB,verizon,damaged,$320.00,$449.00
IPHONE 15 PRO,128GB,tmobile,flawless,$355.48,$449.00
IPHONE 15 PRO,128GB,tmobile,good,$332.00,$449.00
IPHONE 15 PRO,128GB,tmobile,fair,$222.00,$449.00
IPHONE 15 PRO,128GB,tmobile,damaged,$158.00,$449.00
IPHONE 15 PRO,128GB,unlocked,flawless,$355.48,$469.00
IPHONE 15 PRO,128GB,unlocked,good,$355.48,$469.00
IPHONE 15 PRO,128GB,unlocked,fair,$332.00,$469.00
IPHONE 15 PRO,128GB,unlocked,damaged,$255.00,$469.00
IPHONE 15 PRO,256GB,att,flawless,$409.00,$492.17
IPHONE 15 PRO,256GB,att,good,$354.00,$492.17
IPHONE 15 PRO,256GB,att,fair,$236.00,$492.17
IPHONE 15 PRO,256GB,att,damaged,$247.00,$492.17
IPHONE 15 PRO,256GB,verizon,flawless,$428.00,$492.17
IPHONE 15 PRO,256GB,verizon,good,$379.00,$492.17
IPHONE 15 PRO,256GB,verizon,fair,$270.00,$492.17
IPHONE 15 PRO,256GB,verizon,damaged,$261.00,$492.17
IPHONE 15 PRO,256GB,tmobile,flawless,$417.00,$492.17
IPHONE 15 PRO,256GB,tmobile,good,$372.00,$492.17
IPHONE 15 PRO,256GB,tmobile,fair,$262.00,$492.17
IPHONE 15 PRO,256GB,tmobile,damaged,$183.00,$492.17
IPHONE 15 PRO,256GB,unlocked,flawless,$433.08,$512.17
IPHONE 15 PRO,256GB,unlocked,good,$433.08,$512.17
IPHONE 15 PRO,256GB,unlocked,fair,$372.00,$512.17
IPHONE 15 PRO,256GB,unlocked,damaged,$295.00,$512.17
IPHONE 15 PRO,512GB,att,flawless,$443.48,$537.55
IPHONE 15 PRO,512GB,att,good,$403.00,$537.55
IPHONE 15 PRO,512GB,att,fair,$276.00,$537.55
IPHONE 15 PRO,512GB,att,damaged,$287.00,$537.55
IPHONE 15 PRO,512GB,verizon,flawless,$440.00,$537.55
IPHONE 15 PRO,512GB,verizon,good,$387.00,$537.55
IPHONE 15 PRO,512GB,verizon,fair,$301.00,$537.55
IPHONE 15 PRO,512GB,verizon,damaged,$302.00,$537.55
IPHONE 15 PRO,512GB,tmobile,flawless,$443.48,$537.55
IPHONE 15 PRO,512GB,tmobile,good,$412.00,$537.55
IPHONE 15 PRO,512GB,tmobile,fair,$292.00,$537.55
IPHONE 15 PRO,512GB,tmobile,damaged,$212.00,$537.55
IPHONE 15 PRO,512GB,unlocked,flawless,$443.48,$557.55
IPHONE 15 PRO,512GB,unlocked,good,$443.48,$557.55
IPHONE 15 PRO,512GB,unlocked,fair,$402.00,$557.55
IPHONE 15 PRO,512GB,unlocked,damaged,$341.00,$557.55
IPHONE 15 PRO,1TB,att,flawless,$447.48,$579.99
IPHONE 15 PRO,1TB,att,good,$447.48,$579.99
IPHONE 15 PRO,1TB,att,fair,$302.00,$579.99
IPHONE 15 PRO,1TB,att,damaged,$303.00,$579.99
IPHONE 15 PRO,1TB,verizon,flawless,$447.48,$579.99
IPHONE 15 PRO,1TB,verizon,good,$436.00,$579.99
IPHONE 15 PRO,1TB,verizon,fair,$308.00,$579.99
IPHONE 15 PRO,1TB,verizon,damaged,$307.00,$579.99
IPHONE 15 PRO,1TB,tmobile,flawless,$447.48,$579.99
IPHONE 15 PRO,1TB,tmobile,good,$447.48,$579.99
IPHONE 15 PRO,1TB,tmobile,fair,$347.00,$579.99
IPHONE 15 PRO,1TB,tmobile,damaged,$242.00,$579.99
IPHONE 15 PRO,1TB,unlocked,flawless,$447.48,$599.99
IPHONE 15 PRO,1TB,unlocked,good,$447.48,$599.99
IPHONE 15 PRO,1TB,unlocked,fair,$430.09,$599.99
IPHONE 15 PRO,1TB,unlocked,damaged,$412.70,$599.99
IPHONE 15 PRO MAX,256GB,att,flawless,$430.99,$579.99
IPHONE 15 PRO MAX,256GB,att,good,$394.00,$579.99
IPHONE 15 PRO MAX,256GB,att,fair,$302.00,$579.99
IPHONE 15 PRO MAX,256GB,att,damaged,$252.00,$579.99
IPHONE 15 PRO MAX,256GB,verizon,flawless,$404.00,$579.99
IPHONE 15 PRO MAX,256GB,verizon,good,$359.00,$579.99
IPHONE 15 PRO MAX,256GB,verizon,fair,$299.00,$579.99
IPHONE 15 PRO MAX,256GB,verizon,damaged,$272.00,$579.99
IPHONE 15 PRO MAX,256GB,tmobile,flawless,$434.00,$579.99
IPHONE 15 PRO MAX,256GB,tmobile,good,$402.00,$579.99
IPHONE 15 PRO MAX,256GB,tmobile,fair,$317.00,$579.99
IPHONE 15 PRO MAX,256GB,tmobile,damaged,$243.00,$579.99
IPHONE 15 PRO MAX,256GB,unlocked,flawless,$479.48,$599.99
IPHONE 15 PRO MAX,256GB,unlocked,good,$479.48,$599.99
IPHONE 15 PRO MAX,256GB,unlocked,fair,$407.00,$599.99
IPHONE 15 PRO MAX,256GB,unlocked,damaged,$392.00,$599.99
IPHONE 15 PRO MAX,512GB,att,flawless,$460.99,$669.97
IPHONE 15 PRO MAX,512GB,att,good,$417.00,$669.97
IPHONE 15 PRO MAX,512GB,att,fair,$332.00,$669.97
IPHONE 15 PRO MAX,512GB,att,damaged,$282.00,$669.97
IPHONE 15 PRO MAX,512GB,verizon,flawless,$434.00,$669.97
IPHONE 15 PRO MAX,512GB,verizon,good,$401.00,$669.97
IPHONE 15 PRO MAX,512GB,verizon,fair,$322.00,$669.97
IPHONE 15 PRO MAX,512GB,verizon,damaged,$302.00,$669.97
IPHONE 15 PRO MAX,512GB,tmobile,flawless,$464.00,$669.97
IPHONE 15 PRO MAX,512GB,tmobile,good,$432.00,$669.97
IPHONE 15 PRO MAX,512GB,tmobile,fair,$347.00,$669.97
IPHONE 15 PRO MAX,512GB,tmobile,damaged,$273.00,$669.97
IPHONE 15 PRO MAX,512GB,unlocked,flawless,$495.48,$689.97
IPHONE 15 PRO MAX,512GB,unlocked,good,$495.48,$689.97
IPHONE 15 PRO MAX,512GB,unlocked,fair,$437.00,$689.97
IPHONE 15 PRO MAX,512GB,unlocked,damaged,$427.00,$689.97
IPHONE 15 PRO MAX,1TB,att,flawless,$495.48,$625.99
IPHONE 15 PRO MAX,1TB,att,good,$464.00,$625.99
IPHONE 15 PRO MAX,1TB,att,fair,$372.00,$625.99
IPHONE 15 PRO MAX,1TB,att,damaged,$312.00,$625.99
IPHONE 15 PRO MAX,1TB,verizon,flawless,$479.00,$625.99
IPHONE 15 PRO MAX,1TB,verizon,good,$457.00,$625.99
IPHONE 15 PRO MAX,1TB,verizon,fair,$356.00,$625.99
IPHONE 15 PRO MAX,1TB,verizon,damaged,$332.00,$625.99
IPHONE 15 PRO MAX,1TB,tmobile,flawless,$495.48,$625.99
IPHONE 15 PRO MAX,1TB,tmobile,good,$472.00,$625.99
IPHONE 15 PRO MAX,1TB,tmobile,fair,$387.00,$625.99
IPHONE 15 PRO MAX,1TB,tmobile,damaged,$303.00,$625.99
IPHONE 15 PRO MAX,1TB,unlocked,flawless,$495.48,$645.99
IPHONE 15 PRO MAX,1TB,unlocked,good,$495.48,$645.99
IPHONE 15 PRO MAX,1TB,unlocked,fair,$476.00,$645.99
IPHONE 15 PRO MAX,1TB,unlocked,damaged,$460.70,$645.99
IPHONE 16,128GB,att,flawless,$347.99,$509.95
IPHONE 16,128GB,att,good,$296.00,$509.95
IPHONE 16,128GB,att,fair,$237.00,$509.95
IPHONE 16,128GB,att,damaged,$153.00,$509.95
IPHONE 16,128GB,verizon,flawless,$350.50,$509.95
IPHONE 16,128GB,verizon,good,$306.00,$509.95
IPHONE 16,128GB,verizon,fair,$247.00,$509.95
IPHONE 16,128GB,verizon,damaged,$209.00,$509.95
IPHONE 16,128GB,tmobile,flawless,$346.00,$509.95
IPHONE 16,128GB,tmobile,good,$286.00,$509.95
IPHONE 16,128GB,tmobile,fair,$212.00,$509.95
IPHONE 16,128GB,tmobile,damaged,$141.00,$509.95
IPHONE 16,128GB,unlocked,flawless,$399.48,$529.95
IPHONE 16,128GB,unlocked,good,$399.48,$529.95
IPHONE 16,128GB,unlocked,fair,$337.00,$529.95
IPHONE 16,128GB,unlocked,damaged,$279.00,$529.95
IPHONE 16,256GB,att,flawless,$387.99,$621.76
IPHONE 16,256GB,att,good,$343.00,$621.76
IPHONE 16,256GB,att,fair,$267.00,$621.76
IPHONE 16,256GB,att,damaged,$193.00,$621.76
IPHONE 16,256GB,verizon,flawless,$408.00,$621.76
IPHONE 16,256GB,verizon,good,$353.00,$621.76
IPHONE 16,256GB,verizon,fair,$279.00,$621.76
IPHONE 16,256GB,verizon,damaged,$224.00,$621.76
IPHONE 16,256GB,tmobile,flawless,$371.00,$621.76
IPHONE 16,256GB,tmobile,good,$317.00,$621.76
IPHONE 16,256GB,tmobile,fair,$242.00,$621.76
IPHONE 16,256GB,tmobile,damaged,$190.00,$621.76
IPHONE 16,256GB,unlocked,flawless,$463.48,$641.76
IPHONE 16,256GB,unlocked,good,$442.00,$641.76
IPHONE 16,256GB,unlocked,fair,$367.00,$641.76
IPHONE 16,256GB,unlocked,damaged,$316.00,$641.76
IPHONE 16,512GB,att,flawless,$411.99,$749.00
IPHONE 16,512GB,att,good,$361.00,$749.00
IPHONE 16,512GB,att,fair,$297.00,$749.00
IPHONE 16,512GB,att,damaged,$243.00,$749.00
IPHONE 16,512GB,verizon,flawless,$428.00,$749.00
IPHONE 16,512GB,verizon,good,$371.00,$749.00
IPHONE 16,512GB,verizon,fair,$307.00,$749.00
IPHONE 16,512GB,verizon,damaged,$272.00,$749.00
IPHONE 16,512GB,tmobile,flawless,$411.00,$749.00
IPHONE 16,512GB,tmobile,good,$356.00,$749.00
IPHONE 16,512GB,tmobile,fair,$272.00,$749.00
IPHONE 16,512GB,tmobile,damaged,$230.00,$749.00
IPHONE 16,512GB,unlocked,flawless,$524.99,$769.00
IPHONE 16,512GB,unlocked,good,$472.00,$769.00
IPHONE 16,512GB,unlocked,fair,$397.00,$769.00
IPHONE 16,512GB,unlocked,damaged,$366.00,$769.00
IPHONE 16 PLUS,128GB,att,flawless,$372.99,$499.84
IPHONE 16 PLUS,128GB,att,good,$350.00,$499.84
IPHONE 16 PLUS,128GB,att,fair,$257.00,$499.84
IPHONE 16 PLUS,128GB,att,damaged,$218.00,$499.84
IPHONE 16 PLUS,128GB,verizon,flawless,$411.48,$499.84
IPHONE 16 PLUS,128GB,verizon,good,$388.00,$499.84
IPHONE 16 PLUS,128GB,verizon,fair,$315.00,$499.84
IPHONE 16 PLUS,128GB,verizon,damaged,$236.00,$499.84
IPHONE 16 PLUS,128GB,tmobile,flawless,$411.48,$499.84
IPHONE 16 PLUS,128GB,tmobile,good,$384.00,$499.84
IPHONE 16 PLUS,128GB,tmobile,fair,$257.00,$499.84
IPHONE 16 PLUS,128GB,tmobile,damaged,$183.00,$499.84
IPHONE 16 PLUS,128GB,unlocked,flawless,$411.48,$519.84
IPHONE 16 PLUS,128GB,unlocked,good,$411.48,$519.84
IPHONE 16 PLUS,128GB,unlocked,fair,$394.09,$519.84
IPHONE 16 PLUS,128GB,unlocked,damaged,$274.00,$519.84
IPHONE 16 PLUS,256GB,att,flawless,$411.99,$578.95
IPHONE 16 PLUS,256GB,att,good,$371.00,$578.95
IPHONE 16 PLUS,256GB,att,fair,$298.00,$578.95
IPHONE 16 PLUS,256GB,att,damaged,$258.00,$578.95
IPHONE 16 PLUS,256GB,verizon,flawless,$476.00,$578.95
IPHONE 16 PLUS,256GB,verizon,good,$427.00,$578.95
IPHONE 16 PLUS,256GB,verizon,fair,$355.00,$578.95
IPHONE 16 PLUS,256GB,verizon,damaged,$276.00,$578.95
IPHONE 16 PLUS,256GB,tmobile,flawless,$463.00,$578.95
IPHONE 16 PLUS,256GB,tmobile,good,$409.00,$578.95
IPHONE 16 PLUS,256GB,tmobile,fair,$297.00,$578.95
IPHONE 16 PLUS,256GB,tmobile,damaged,$223.00,$578.95
IPHONE 16 PLUS,256GB,unlocked,flawless,$503.48,$598.95
IPHONE 16 PLUS,256GB,unlocked,good,$503.48,$598.95
IPHONE 16 PLUS,256GB,unlocked,fair,$446.00,$598.95
IPHONE 16 PLUS,256GB,unlocked,damaged,$334.00,$598.95
IPHONE 16 PLUS,512GB,att,flawless,$462.99,$729.00
IPHONE 16 PLUS,512GB,att,good,$421.00,$729.00
IPHONE 16 PLUS,512GB,att,fair,$332.00,$729.00
IPHONE 16 PLUS,512GB,att,damaged,$303.00,$729.00
IPHONE 16 PLUS,512GB,verizon,flawless,$514.00,$729.00
IPHONE 16 PLUS,512GB,verizon,good,$463.00,$729.00
IPHONE 16 PLUS,512GB,verizon,fair,$389.00,$729.00
IPHONE 16 PLUS,512GB,verizon,damaged,$321.00,$729.00
IPHONE 16 PLUS,512GB,tmobile,flawless,$501.00,$729.00
IPHONE 16 PLUS,512GB,tmobile,good,$459.00,$729.00
IPHONE 16 PLUS,512GB,tmobile,fair,$332.00,$729.00
IPHONE 16 PLUS,512GB,tmobile,damaged,$268.00,$729.00
IPHONE 16 PLUS,512GB,unlocked,flawless,$608.99,$749.00
IPHONE 16 PLUS,512GB,unlocked,good,$578.00,$749.00
IPHONE 16 PLUS,512GB,unlocked,fair,$481.00,$749.00
IPHONE 16 PLUS,512GB,unlocked,damaged,$367.00,$749.00
IPHONE 16 PRO,128GB,att,flawless,$476.00,$597.33
IPHONE 16 PRO,128GB,att,good,$432.00,$597.33
IPHONE 16 PRO,128GB,att,fair,$357.00,$597.33
IPHONE 16 PRO,128GB,att,damaged,$253.00,$597.33
IPHONE 16 PRO,128GB,verizon,flawless,$479.48,$597.33
IPHONE 16 PRO,128GB,verizon,good,$479.48,$597.33
IPHONE 16 PRO,128GB,verizon,fair,$462.09,$597.33
IPHONE 16 PRO,128GB,verizon,damaged,$444.70,$597.33
IPHONE 16 PRO,128GB,tmobile,flawless,$479.48,$597.33
IPHONE 16 PRO,128GB,tmobile,good,$479.48,$597.33
IPHONE 16 PRO,128GB,tmobile,fair,$387.00,$597.33
IPHONE 16 PRO,128GB,tmobile,damaged,$223.00,$597.33
IPHONE 16 PRO,128GB,unlocked,flawless,$479.48,$617.33
IPHONE 16 PRO,128GB,unlocked,good,$479.48,$617.33
IPHONE 16 PRO,128GB,unlocked,fair,$456.00,$617.33
IPHONE 16 PRO,128GB,unlocked,damaged,$322.00,$617.33
IPHONE 16 PRO,256GB,att,flawless,$513.00,$666.50
IPHONE 16 PRO,256GB,att,good,$461.00,$666.50
IPHONE 16 PRO,256GB,att,fair,$406.00,$666.50
IPHONE 16 PRO,256GB,att,damaged,$322.00,$666.50
IPHONE 16 PRO,256GB,verizon,flawless,$527.48,$666.50
IPHONE 16 PRO,256GB,verizon,good,$517.00,$666.50
IPHONE 16 PRO,256GB,verizon,fair,$441.00,$666.50
IPHONE 16 PRO,256GB,verizon,damaged,$348.00,$666.50
IPHONE 16 PRO,256GB,tmobile,flawless,$527.48,$666.50
IPHONE 16 PRO,256GB,tmobile,good,$507.00,$666.50
IPHONE 16 PRO,256GB,tmobile,fair,$431.00,$666.50
IPHONE 16 PRO,256GB,tmobile,damaged,$292.00,$666.50
IPHONE 16 PRO,256GB,unlocked,flawless,$527.48,$686.50
IPHONE 16 PRO,256GB,unlocked,good,$527.48,$686.50
IPHONE 16 PRO,256GB,unlocked,fair,$506.00,$686.50
IPHONE 16 PRO,256GB,unlocked,damaged,$427.00,$686.50
IPHONE 16 PRO,512GB,att,flawless,$560.00,$749.00
IPHONE 16 PRO,512GB,att,good,$501.00,$749.00
IPHONE 16 PRO,512GB,att,fair,$446.00,$749.00
IPHONE 16 PRO,512GB,att,damaged,$387.00,$749.00
IPHONE 16 PRO,512GB,verizon,flawless,$590.00,$749.00
IPHONE 16 PRO,512GB,verizon,good,$547.00,$749.00
IPHONE 16 PRO,512GB,verizon,fair,$481.00,$749.00
IPHONE 16 PRO,512GB,verizon,damaged,$413.00,$749.00
IPHONE 16 PRO,512GB,tmobile,flawless,$584.00,$749.00
IPHONE 16 PRO,512GB,tmobile,good,$557.00,$749.00
IPHONE 16 PRO,512GB,tmobile,fair,$471.00,$749.00
IPHONE 16 PRO,512GB,tmobile,damaged,$332.00,$749.00
IPHONE 16 PRO,512GB,unlocked,flawless,$595.48,$769.00
IPHONE 16 PRO,512GB,unlocked,good,$595.48,$769.00
IPHONE 16 PRO,512GB,unlocked,fair,$546.00,$769.00
IPHONE 16 PRO,512GB,unlocked,damaged,$497.00,$769.00
IPHONE 16 PRO,1TB,att,flawless,$623.00,$849.00
IPHONE 16 PRO,1TB,att,good,$561.00,$849.00
IPHONE 16 PRO,1TB,att,fair,$506.00,$849.00
IPHONE 16 PRO,1TB,att,damaged,$442.00,$849.00
IPHONE 16 PRO,1TB,verizon,flawless,$619.00,$849.00
IPHONE 16 PRO,1TB,verizon,good,$517.00,$849.00
IPHONE 16 PRO,1TB,verizon,fair,$468.00,$849.00
IPHONE 16 PRO,1TB,verizon,damaged,$447.00,$849.00
IPHONE 16 PRO,1TB,tmobile,flawless,$669.00,$849.00
IPHONE 16 PRO,1TB,tmobile,good,$617.00,$849.00
IPHONE 16 PRO,1TB,tmobile,fair,$531.00,$849.00
IPHONE 16 PRO,1TB,tmobile,damaged,$392.00,$849.00
IPHONE 16 PRO,1TB,unlocked,flawless,$727.48,$869.00
IPHONE 16 PRO,1TB,unlocked,good,$727.48,$869.00
IPHONE 16 PRO,1TB,unlocked,fair,$606.00,$869.00
IPHONE 16 PRO,1TB,unlocked,damaged,$487.00,$869.00
IPHONE 16 PRO MAX,256GB,att,flawless,$597.99,$778.00
IPHONE 16 PRO MAX,256GB,att,good,$541.00,$778.00
IPHONE 16 PRO MAX,256GB,att,fair,$476.00,$778.00
IPHONE 16 PRO MAX,256GB,att,damaged,$381.00,$778.00
IPHONE 16 PRO MAX,256GB,verizon,flawless,$607.00,$778.00
IPHONE 16 PRO MAX,256GB,verizon,good,$587.00,$778.00
IPHONE 16 PRO MAX,256GB,verizon,fair,$501.00,$778.00
IPHONE 16 PRO MAX,256GB,verizon,damaged,$401.00,$778.00
IPHONE 16 PRO MAX,256GB,tmobile,flawless,$615.48,$778.00
IPHONE 16 PRO MAX,256GB,tmobile,good,$577.00,$778.00
IPHONE 16 PRO MAX,256GB,tmobile,fair,$491.00,$778.00
IPHONE 16 PRO MAX,256GB,tmobile,damaged,$356.00,$778.00
IPHONE 16 PRO MAX,256GB,unlocked,flawless,$615.48,$798.00
IPHONE 16 PRO MAX,256GB,unlocked,good,$615.48,$798.00
IPHONE 16 PRO MAX,256GB,unlocked,fair,$596.00,$798.00
IPHONE 16 PRO MAX,256GB,unlocked,damaged,$511.00,$798.00
IPHONE 16 PRO MAX,512GB,att,flawless,$657.99,$846.50
IPHONE 16 PRO MAX,512GB,att,good,$591.00,$846.50
IPHONE 16 PRO MAX,512GB,att,fair,$526.00,$846.50
IPHONE 16 PRO MAX,512GB,att,damaged,$453.00,$846.50
IPHONE 16 PRO MAX,512GB,verizon,flawless,$663.00,$846.50
IPHONE 16 PRO MAX,512GB,verizon,good,$647.00,$846.50
IPHONE 16 PRO MAX,512GB,verizon,fair,$561.00,$846.50
IPHONE 16 PRO MAX,512GB,verizon,damaged,$478.00,$846.50
IPHONE 16 PRO MAX,512GB,tmobile,flawless,$679.48,$846.50
IPHONE 16 PRO MAX,512GB,tmobile,good,$631.00,$846.50
IPHONE 16 PRO MAX,512GB,tmobile,fair,$541.00,$846.50
IPHONE 16 PRO MAX,512GB,tmobile,damaged,$446.00,$846.50
IPHONE 16 PRO MAX,512GB,unlocked,flawless,$679.48,$866.50
IPHONE 16 PRO MAX,512GB,unlocked,good,$679.48,$866.50
IPHONE 16 PRO MAX,512GB,unlocked,fair,$646.00,$866.50
IPHONE 16 PRO MAX,512GB,unlocked,damaged,$581.00,$866.50
IPHONE 16 PRO MAX,1TB,att,flawless,$749.00,$899.00
IPHONE 16 PRO MAX,1TB,att,good,$681.00,$899.00
IPHONE 16 PRO MAX,1TB,att,fair,$616.00,$899.00
IPHONE 16 PRO MAX,1TB,att,damaged,$523.00,$899.00
IPHONE 16 PRO MAX,1TB,verizon,flawless,$750.00,$899.00
IPHONE 16 PRO MAX,1TB,verizon,good,$734.00,$899.00
IPHONE 16 PRO MAX,1TB,verizon,fair,$648.00,$899.00
IPHONE 16 PRO MAX,1TB,verizon,damaged,$541.00,$899.00
IPHONE 16 PRO MAX,1TB,tmobile,flawless,$751.48,$899.00
IPHONE 16 PRO MAX,1TB,tmobile,good,$717.00,$899.00
IPHONE 16 PRO MAX,1TB,tmobile,fair,$631.00,$899.00
IPHONE 16 PRO MAX,1TB,tmobile,damaged,$496.00,$899.00
IPHONE 16 PRO MAX,1TB,unlocked,flawless,$751.48,$919.00
IPHONE 16 PRO MAX,1TB,unlocked,good,$751.48,$919.00
IPHONE 16 PRO MAX,1TB,unlocked,fair,$734.09,$919.00
IPHONE 16 PRO MAX,1TB,unlocked,damaged,$651.00,$919.00
